Workbook
Name weiblich9: #REF!
Name weiblich7: #REF!
Name n2m: #REF!
Name N1m: #REF!
Name männlich10: #REF!
Name n4w: #REF!
Name N1w: #REF!
Name weiblich11: #REF!
Name n4m: #REF!
Name weiblich12: #REF!
Name n2w: #REF!
Name männlich9: #REF!
Name männlich12: #REF!
Name n3w: #REF!
Name weiblich10: #REF!
Name männlich8: #REF!
Name männlich11: #REF!
Name mannlich7: #REF!
Name n3m: #REF!
Name weiblich8: #REF!

Sheet Eingabe
A1: Klasse | B1: Name | C1: Vorname | D1: Geburtsjahr | E1: M/W | F1: Stufe | G1: Alter | H1: Ausdauer | I1: P. Ausdauer | J1: Sprint | K1: P. Sprint | L1: Sprung | M1: P. Sprung | N1: Wurf | O1: P.Wurf | P1: Datenblatt | Q1: Notenblatt | R1: Gesamt | S1: Urkunde | T1: Note
A2: =IF(ASV_Daten!A21="","",ASV_Daten!A21) -> R5A | B2: =IF(ASV_Daten!B21="","",ASV_Daten!B21) -> Seifried | C2: =IF(ASV_Daten!C21="","",ASV_Daten!C21) -> Oskar | D2: =IF(ASV_Daten!D21="","",ASV_Daten!D21) -> 2015 | E2: =IF(ASV_Daten!E20="","",ASV_Daten!E20) -> M | F2: =MID(A2,2,1) -> 5 | G2: =2026-D2 -> 11 | H2: 0.18402778 | I2: =IF(H2="", 0, IFERROR(XLOOKUP(H2, INDIRECT("'"&P2&"'!A4:A"), INDIRECT("'"&P2&"'!B4:B"), 0, 1), 0)) -> 266 | K2: =IF(J2="", 0, IFERROR(XLOOKUP(J2, INDIRECT("'"&P2&"'!E4:E"), INDIRECT("'"&P2&"'!F4:F"), 0, 1), 0)) -> 0 | L2: 4.93 | M2: =IF(L2="", 0, IFERROR(XLOOKUP(L2, INDIRECT("'"&P2&"'!I4:I"), INDIRECT("'"&P2&"'!J4:J"), 0, -1), 0)) -> 488 | N2: 34.5 | O2: =IF(N2="", 0, IFERROR(XLOOKUP(N2, INDIRECT("'"&P2&"'!M4:M"), INDIRECT("'"&P2&"'!N4:N"), 0, -1), 0)) -> 279 | P2: =IF(OR(F2="6",F2="5"),IF(E2="W","Punkte W 5-6","Punkte M 5-6"),IF(E2="W","Punkte W 7-9","Punkte M 7-9")) -> Punkte M 5-6 | Q2: =IF(E2="W","Noten-Matrix-Mädchen","Noten-Matrix-Jungen") -> Noten-Matrix-Jungen | R2: =SUM(I2, K2, M2, O2) - MIN(I2, K2, M2, O2) -> 1033 | S2: =IF(R2=0, "Keine Teilnahme", IFERROR(IF(R2>=VLOOKUP(G2&LOWER(E2), Formeln!$H$2:$K$30, 4, FALSE), "Ehrenurkunde", IF(R2>=VLOOKUP(G2&LOWER(E2), Formeln!$H$2:$K$30, 3, FALSE), "Siegerurkunde", "Teilnehmerurkunde")), "Keine Urkunde")) -> Ehrenurkunde | T2: =IF(R2=0, "Keine Teilnahme", IFERROR(XLOOKUP(R2, INDEX(INDIRECT("'"&Q2&"'!A:J"), 0, MATCH(G2, INDIRECT("'"&Q2&"'!A1:J1"), 0)), INDIRECT("'"&Q2&"'!A:A"), "Keine Note", -1), "Keine Note")) -> 1
A3: =IF(ASV_Daten!A5="","",ASV_Daten!A5) -> R5A | B3: =IF(ASV_Daten!B5="","",ASV_Daten!B5) -> Gajic | C3: =IF(ASV_Daten!C5="","",ASV_Daten!C5) -> Aleksa | D3: =IF(ASV_Daten!D5="","",ASV_Daten!D5) -> 2014 | E3: =IF(ASV_Daten!E5="","",ASV_Daten!E5) -> M | F3: =MID(A3,2,1) -> 5 | G3: =2026-D3 -> 12 | H3: 0.23333333 | I3: =IF(H3="", 0, IFERROR(XLOOKUP(H3, INDIRECT("'"&P3&"'!A4:A"), INDIRECT("'"&P3&"'!B4:B"), 0, 1), 0)) -> 136 | K3: =IF(J3="", 0, IFERROR(XLOOKUP(J3, INDIRECT("'"&P3&"'!E4:E"), INDIRECT("'"&P3&"'!F4:F"), 0, 1), 0)) -> 0 | L3: 3.21 | M3: =IF(L3="", 0, IFERROR(XLOOKUP(L3, INDIRECT("'"&P3&"'!I4:I"), INDIRECT("'"&P3&"'!J4:J"), 0, -1), 0)) -> 292 | N3: 22.5 | O3: =IF(N3="", 0, IFERROR(XLOOKUP(N3, INDIRECT("'"&P3&"'!M4:M"), INDIRECT("'"&P3&"'!N4:N"), 0, -1), 0)) -> 176 | P3: =IF(OR(F3="6",F3="5"),IF(E3="W","Punkte W 5-6","Punkte M 5-6"),IF(E3="W","Punkte W 7-9","Punkte M 7-9")) -> Punkte M 5-6 | Q3: =IF(E3="W","Noten-Matrix-Mädchen","Noten-Matrix-Jungen") -> Noten-Matrix-Jungen | R3: =SUM(I3, K3, M3, O3) - MIN(I3, K3, M3, O3) -> 604 | S3: =IF(R3=0, "Keine Teilnahme", IFERROR(IF(R3>=VLOOKUP(G3&LOWER(E3), Formeln!$H$2:$K$30, 4, FALSE), "Ehrenurkunde", IF(R3>=VLOOKUP(G3&LOWER(E3), Formeln!$H$2:$K$30, 3, FALSE), "Siegerurkunde", "Teilnehmerurkunde")), "Keine Urkunde")) -> Teilnehmerurkunde | T3: =IF(R3=0, "Keine Teilnahme", IFERROR(XLOOKUP(R3, INDEX(INDIRECT("'"&Q3&"'!A:J"), 0, MATCH(G3, INDIRECT("'"&Q3&"'!A1:J1"), 0)), INDIRECT("'"&Q3&"'!A:A"), "Keine Note", -1), "Keine Note")) -> 3.8
A4: =IF(ASV_Daten!A10="","",ASV_Daten!A10) -> R5A | B4: =IF(ASV_Daten!B10="","",ASV_Daten!B10) -> Keppel | C4: =IF(ASV_Daten!C10="","",ASV_Daten!C10) -> Amelia | D4: =IF(ASV_Daten!D10="","",ASV_Daten!D10) -> 2014 | E4: =IF(ASV_Daten!E10="","",ASV_Daten!E10) -> W | F4: =MID(A4,2,1) -> 5 | G4: =2026-D4 -> 12 | I4: =IF(H4="", 0, IFERROR(XLOOKUP(H4, INDIRECT("'"&P4&"'!A4:A"), INDIRECT("'"&P4&"'!B4:B"), 0, 1), 0)) -> 0 | J4: 9.4 | K4: =IF(J4="", 0, IFERROR(XLOOKUP(J4, INDIRECT("'"&P4&"'!E4:E"), INDIRECT("'"&P4&"'!F4:F"), 0, 1), 0)) -> 233 | L4: 3.01 | M4: =IF(L4="", 0, IFERROR(XLOOKUP(L4, INDIRECT("'"&P4&"'!I4:I"), INDIRECT("'"&P4&"'!J4:J"), 0, -1), 0)) -> 308 | N4: 15 | O4: =IF(N4="", 0, IFERROR(XLOOKUP(N4, INDIRECT("'"&P4&"'!M4:M"), INDIRECT("'"&P4&"'!N4:N"), 0, -1), 0)) -> 211 | P4: =IF(OR(F4="6",F4="5"),IF(E4="W","Punkte W 5-6","Punkte M 5-6"),IF(E4="W","Punkte W 7-9","Punkte M 7-9")) -> Punkte W 5-6 | Q4: =IF(E4="W","Noten-Matrix-Mädchen","Noten-Matrix-Jungen") -> Noten-Matrix-Mädchen | R4: =SUM(I4, K4, M4, O4) - MIN(I4, K4, M4, O4) -> 752 | S4: =IF(R4=0, "Keine Teilnahme", IFERROR(IF(R4>=VLOOKUP(G4&LOWER(E4), Formeln!$H$2:$K$30, 4, FALSE), "Ehrenurkunde", IF(R4>=VLOOKUP(G4&LOWER(E4), Formeln!$H$2:$K$30, 3, FALSE), "Siegerurkunde", "Teilnehmerurkunde")), "Keine Urkunde")) -> Teilnehmerurkunde | T4: =IF(R4=0, "Keine Teilnahme", IFERROR(XLOOKUP(R4, INDEX(INDIRECT("'"&Q4&"'!A:J"), 0, MATCH(G4, INDIRECT("'"&Q4&"'!A1:J1"), 0)), INDIRECT("'"&Q4&"'!A:A"), "Keine Note", -1), "Keine Note")) -> 2.9
A5: =IF(ASV_Daten!A15="","",ASV_Daten!A15) -> R5A | B5: =IF(ASV_Daten!B15="","",ASV_Daten!B15) -> Matos Martins | C5: =IF(ASV_Daten!C15="","",ASV_Daten!C15) -> Beatriz | D5: =IF(ASV_Daten!D15="","",ASV_Daten!D15) -> 2015 | E5: =IF(ASV_Daten!E15="","",ASV_Daten!E15) -> W | F5: =MID(A5,2,1) -> 5 | G5: =2026-D5 -> 11 | I5: =IF(H5="", 0, IFERROR(XLOOKUP(H5, INDIRECT("'"&P5&"'!A4:A"), INDIRECT("'"&P5&"'!B4:B"), 0, 1), 0)) -> 0 | J5: 9.7 | K5: =IF(J5="", 0, IFERROR(XLOOKUP(J5, INDIRECT("'"&P5&"'!E4:E"), INDIRECT("'"&P5&"'!F4:F"), 0, 1), 0)) -> 209 | L5: 2.61 | M5: =IF(L5="", 0, IFERROR(XLOOKUP(L5, INDIRECT("'"&P5&"'!I4:I"), INDIRECT("'"&P5&"'!J4:J"), 0, -1), 0)) -> 250 | N5: 11 | O5: =IF(N5="", 0, IFERROR(XLOOKUP(N5, INDIRECT("'"&P5&"'!M4:M"), INDIRECT("'"&P5&"'!N4:N"), 0, -1), 0)) -> 147 | P5: =IF(OR(F5="6",F5="5"),IF(E5="W","Punkte W 5-6","Punkte M 5-6"),IF(E5="W","Punkte W 7-9","Punkte M 7-9")) -> Punkte W 5-6 | Q5: =IF(E5="W","Noten-Matrix-Mädchen","Noten-Matrix-Jungen") -> Noten-Matrix-Mädchen | R5: =SUM(I5, K5, M5, O5) - MIN(I5, K5, M5, O5) -> 606 | S5: =IF(R5=0, "Keine Teilnahme", IFERROR(IF(R5>=VLOOKUP(G5&LOWER(E5), Formeln!$H$2:$K$30, 4, FALSE), "Ehrenurkunde", IF(R5>=VLOOKUP(G5&LOWER(E5), Formeln!$H$2:$K$30, 3, FALSE), "Siegerurkunde", "Teilnehmerurkunde")), "Keine Urkunde")) -> Teilnehmerurkunde | T5: =IF(R5=0, "Keine Teilnahme", IFERROR(XLOOKUP(R5, INDEX(INDIRECT("'"&Q5&"'!A:J"), 0, MATCH(G5, INDIRECT("'"&Q5&"'!A1:J1"), 0)), INDIRECT("'"&Q5&"'!A:A"), "Keine Note", -1), "Keine Note")) -> 3.4
A6: =IF(ASV_Daten!A19="","",ASV_Daten!A19) -> R5A | B6: =IF(ASV_Daten!B19="","",ASV_Daten!B19) -> Roso | C6: =IF(ASV_Daten!C19="","",ASV_Daten!C19) -> Dejan | D6: =IF(ASV_Daten!D19="","",ASV_Daten!D19) -> 2015 | E6: =IF(ASV_Daten!E19="","",ASV_Daten!E19) -> M | F6: =MID(A6,2,1) -> 5 | G6: =2026-D6 -> 11 | H6: 0.19097222 | I6: =IF(H6="", 0, IFERROR(XLOOKUP(H6, INDIRECT("'"&P6&"'!A4:A"), INDIRECT("'"&P6&"'!B4:B"), 0, 1), 0)) -> 244 | K6: =IF(J6="", 0, IFERROR(XLOOKUP(J6, INDIRECT("'"&P6&"'!E4:E"), INDIRECT("'"&P6&"'!F4:F"), 0, 1), 0)) -> 0 | L6: 3.09 | M6: =IF(L6="", 0, IFERROR(XLOOKUP(L6, INDIRECT("'"&P6&"'!I4:I"), INDIRECT("'"&P6&"'!J4:J"), 0, -1), 0)) -> 277 | N6: 28 | O6: =IF(N6="", 0, IFERROR(XLOOKUP(N6, INDIRECT("'"&P6&"'!M4:M"), INDIRECT("'"&P6&"'!N4:N"), 0, -1), 0)) -> 226 | P6: =IF(OR(F6="6",F6="5"),IF(E6="W","Punkte W 5-6","Punkte M 5-6"),IF(E6="W","Punkte W 7-9","Punkte M 7-9")) -> Punkte M 5-6 | Q6: =IF(E6="W","Noten-Matrix-Mädchen","Noten-Matrix-Jungen") -> Noten-Matrix-Jungen | R6: =SUM(I6, K6, M6, O6) - MIN(I6, K6, M6, O6) -> 747 | S6: =IF(R6=0, "Keine Teilnahme", IFERROR(IF(R6>=VLOOKUP(G6&LOWER(E6), Formeln!$H$2:$K$30, 4, FALSE), "Ehrenurkunde", IF(R6>=VLOOKUP(G6&LOWER(E6), Formeln!$H$2:$K$30, 3, FALSE), "Siegerurkunde", "Teilnehmerurkunde")), "Keine Urkunde")) -> Siegerurkunde | T6: =IF(R6=0, "Keine Teilnahme", IFERROR(XLOOKUP(R6, INDEX(INDIRECT("'"&Q6&"'!A:J"), 0, MATCH(G6, INDIRECT("'"&Q6&"'!A1:J1"), 0)), INDIRECT("'"&Q6&"'!A:A"), "Keine Note", -1), "Keine Note")) -> 2.3
A7: =IF(ASV_Daten!A20="","",ASV_Daten!A20) -> R5A | B7: =IF(ASV_Daten!B20="","",ASV_Daten!B20) -> Schuler | C7: =IF(ASV_Daten!C20="","",ASV_Daten!C20) -> Adrian | D7: =IF(ASV_Daten!D20="","",ASV_Daten!D20) -> 2015 | E7: =IF(ASV_Daten!E22="","",ASV_Daten!E22) -> M | F7: =MID(A7,2,1) -> 5 | G7: =2026-D7 -> 11 | H7: 0.18611111 | I7: =IF(H7="", 0, IFERROR(XLOOKUP(H7, INDIRECT("'"&P7&"'!A4:A"), INDIRECT("'"&P7&"'!B4:B"), 0, 1), 0)) -> 262 | K7: =IF(J7="", 0, IFERROR(XLOOKUP(J7, INDIRECT("'"&P7&"'!E4:E"), INDIRECT("'"&P7&"'!F4:F"), 0, 1), 0)) -> 0 | L7: 3.61 | M7: =IF(L7="", 0, IFERROR(XLOOKUP(L7, INDIRECT("'"&P7&"'!I4:I"), INDIRECT("'"&P7&"'!J4:J"), 0, -1), 0)) -> 342 | N7: 23 | O7: =IF(N7="", 0, IFERROR(XLOOKUP(N7, INDIRECT("'"&P7&"'!M4:M"), INDIRECT("'"&P7&"'!N4:N"), 0, -1), 0)) -> 181 | P7: =IF(OR(F7="6",F7="5"),IF(E7="W","Punkte W 5-6","Punkte M 5-6"),IF(E7="W","Punkte W 7-9","Punkte M 7-9")) -> Punkte M 5-6 | Q7: =IF(E7="W","Noten-Matrix-Mädchen","Noten-Matrix-Jungen") -> Noten-Matrix-Jungen | R7: =SUM(I7, K7, M7, O7) - MIN(I7, K7, M7, O7) -> 785 | S7: =IF(R7=0, "Keine Teilnahme", IFERROR(IF(R7>=VLOOKUP(G7&LOWER(E7), Formeln!$H$2:$K$30, 4, FALSE), "Ehrenurkunde", IF(R7>=VLOOKUP(G7&LOWER(E7), Formeln!$H$2:$K$30, 3, FALSE), "Siegerurkunde", "Teilnehmerurkunde")), "Keine Urkunde")) -> Siegerurkunde | T7: =IF(R7=0, "Keine Teilnahme", IFERROR(XLOOKUP(R7, INDEX(INDIRECT("'"&Q7&"'!A:J"), 0, MATCH(G7, INDIRECT("'"&Q7&"'!A1:J1"), 0)), INDIRECT("'"&Q7&"'!A:A"), "Keine Note", -1), "Keine Note")) -> 2
A8: =IF(ASV_Daten!A25="","",ASV_Daten!A25) -> R5A | B8: =IF(ASV_Daten!B25="","",ASV_Daten!B25) -> Waldvogel | C8: =IF(ASV_Daten!C25="","",ASV_Daten!C25) -> Finn | D8: =IF(ASV_Daten!D25="","",ASV_Daten!D25) -> 2015 | E8: =IF(ASV_Daten!E25="","",ASV_Daten!E25) -> M | F8: =MID(A8,2,1) -> 5 | G8: =2026-D8 -> 11 | I8: =IF(H8="", 0, IFERROR(XLOOKUP(H8, INDIRECT("'"&P8&"'!A4:A"), INDIRECT("'"&P8&"'!B4:B"), 0, 1), 0)) -> 0 | J8: 7.2 | K8: =IF(J8="", 0, IFERROR(XLOOKUP(J8, INDIRECT("'"&P8&"'!E4:E"), INDIRECT("'"&P8&"'!F4:F"), 0, 1), 0)) -> 424 | L8: 2.69 | M8: =IF(L8="", 0, IFERROR(XLOOKUP(L8, INDIRECT("'"&P8&"'!I4:I"), INDIRECT("'"&P8&"'!J4:J"), 0, -1), 0)) -> 223 | N8: 19 | O8: =IF(N8="", 0, IFERROR(XLOOKUP(N8, INDIRECT("'"&P8&"'!M4:M"), INDIRECT("'"&P8&"'!N4:N"), 0, -1), 0)) -> 141 | P8: =IF(OR(F8="6",F8="5"),IF(E8="W","Punkte W 5-6","Punkte M 5-6"),IF(E8="W","Punkte W 7-9","Punkte M 7-9")) -> Punkte M 5-6 | Q8: =IF(E8="W","Noten-Matrix-Mädchen","Noten-Matrix-Jungen") -> Noten-Matrix-Jungen | R8: =SUM(I8, K8, M8, O8) - MIN(I8, K8, M8, O8) -> 788 | S8: =IF(R8=0, "Keine Teilnahme", IFERROR(IF(R8>=VLOOKUP(G8&LOWER(E8), Formeln!$H$2:$K$30, 4, FALSE), "Ehrenurkunde", IF(R8>=VLOOKUP(G8&LOWER(E8), Formeln!$H$2:$K$30, 3, FALSE), "Siegerurkunde", "Teilnehmerurkunde")), "Keine Urkunde")) -> Siegerurkunde | T8: =IF(R8=0, "Keine Teilnahme", IFERROR(XLOOKUP(R8, INDEX(INDIRECT("'"&Q8&"'!A:J"), 0, MATCH(G8, INDIRECT("'"&Q8&"'!A1:J1"), 0)), INDIRECT("'"&Q8&"'!A:A"), "Keine Note", -1), "Keine Note")) -> 2
A9: =IF(ASV_Daten!A12="","",ASV_Daten!A12) -> R5A | B9: =IF(ASV_Daten!B12="","",ASV_Daten!B12) -> Le Roux | C9: =IF(ASV_Daten!C12="","",ASV_Daten!C12) -> Joel | D9: =IF(ASV_Daten!D12="","",ASV_Daten!D12) -> 2015 | E9: =IF(ASV_Daten!E12="","",ASV_Daten!E12) -> M | F9: =MID(A9,2,1) -> 5 | G9: =2026-D9 -> 11 | I9: =IF(H9="", 0, IFERROR(XLOOKUP(H9, INDIRECT("'"&P9&"'!A4:A"), INDIRECT("'"&P9&"'!B4:B"), 0, 1), 0)) -> 0 | J9: 9.5 | K9: =IF(J9="", 0, IFERROR(XLOOKUP(J9, INDIRECT("'"&P9&"'!E4:E"), INDIRECT("'"&P9&"'!F4:F"), 0, 1), 0)) -> 194 | L9: 2.81 | M9: =IF(L9="", 0, IFERROR(XLOOKUP(L9, INDIRECT("'"&P9&"'!I4:I"), INDIRECT("'"&P9&"'!J4:J"), 0, -1), 0)) -> 240 | N9: 23 | O9: =IF(N9="", 0, IFERROR(XLOOKUP(N9, INDIRECT("'"&P9&"'!M4:M"), INDIRECT("'"&P9&"'!N4:N"), 0, -1), 0)) -> 181 | P9: =IF(OR(F9="6",F9="5"),IF(E9="W","Punkte W 5-6","Punkte M 5-6"),IF(E9="W","Punkte W 7-9","Punkte M 7-9")) -> Punkte M 5-6 | Q9: =IF(E9="W","Noten-Matrix-Mädchen","Noten-Matrix-Jungen") -> Noten-Matrix-Jungen | R9: =SUM(I9, K9, M9, O9) - MIN(I9, K9, M9, O9) -> 615 | S9: =IF(R9=0, "Keine Teilnahme", IFERROR(IF(R9>=VLOOKUP(G9&LOWER(E9), Formeln!$H$2:$K$30, 4, FALSE), "Ehrenurkunde", IF(R9>=VLOOKUP(G9&LOWER(E9), Formeln!$H$2:$K$30, 3, FALSE), "Siegerurkunde", "Teilnehmerurkunde")), "Keine Urkunde")) -> Teilnehmerurkunde | T9: =IF(R9=0, "Keine Teilnahme", IFERROR(XLOOKUP(R9, INDEX(INDIRECT("'"&Q9&"'!A:J"), 0, MATCH(G9, INDIRECT("'"&Q9&"'!A1:J1"), 0)), INDIRECT("'"&Q9&"'!A:A"), "Keine Note", -1), "Keine Note")) -> 3.1
A10: =IF(ASV_Daten!A16="","",ASV_Daten!A16) -> R5A | B10: =IF(ASV_Daten!B16="","",ASV_Daten!B16) -> Morina | C10: =IF(ASV_Daten!C16="","",ASV_Daten!C16) -> Lediona | D10: =IF(ASV_Daten!D16="","",ASV_Daten!D16) -> 2015 | E10: =IF(ASV_Daten!E16="","",ASV_Daten!E16) -> W | F10: =MID(A10,2,1) -> 5 | G10: =2026-D10 -> 11 | I10: =IF(H10="", 0, IFERROR(XLOOKUP(H10, INDIRECT("'"&P10&"'!A4:A"), INDIRECT("'"&P10&"'!B4:B"), 0, 1), 0)) -> 0 | J10: 8.6 | K10: =IF(J10="", 0, IFERROR(XLOOKUP(J10, INDIRECT("'"&P10&"'!E4:E"), INDIRECT("'"&P10&"'!F4:F"), 0, 1), 0)) -> 304 | L10: 3.69 | M10: =IF(L10="", 0, IFERROR(XLOOKUP(L10, INDIRECT("'"&P10&"'!I4:I"), INDIRECT("'"&P10&"'!J4:J"), 0, -1), 0)) -> 397 | N10: 19 | O10: =IF(N10="", 0, IFERROR(XLOOKUP(N10, INDIRECT("'"&P10&"'!M4:M"), INDIRECT("'"&P10&"'!N4:N"), 0, -1), 0)) -> 267 | P10: =IF(OR(F10="6",F10="5"),IF(E10="W","Punkte W 5-6","Punkte M 5-6"),IF(E10="W","Punkte W 7-9","Punkte M 7-9")) -> Punkte W 5-6 | Q10: =IF(E10="W","Noten-Matrix-Mädchen","Noten-Matrix-Jungen") -> Noten-Matrix-Mädchen | R10: =SUM(I10, K10, M10, O10) - MIN(I10, K10, M10, O10) -> 968 | S10: =IF(R10=0, "Keine Teilnahme", IFERROR(IF(R10>=VLOOKUP(G10&LOWER(E10), Formeln!$H$2:$K$30, 4, FALSE), "Ehrenurkunde", IF(R10>=VLOOKUP(G10&LOWER(E10), Formeln!$H$2:$K$30, 3, FALSE), "Siegerurkunde", "Teilnehmerurkunde")), "Keine Urkunde")) -> Ehrenurkunde | T10: =IF(R10=0, "Keine Teilnahme", IFERROR(XLOOKUP(R10, INDEX(INDIRECT("'"&Q10&"'!A:J"), 0, MATCH(G10, INDIRECT("'"&Q10&"'!A1:J1"), 0)), INDIRECT("'"&Q10&"'!A:A"), "Keine Note", -1), "Keine Note")) -> 1.2
A11: =IF(ASV_Daten!A4="","",ASV_Daten!A4) -> R5A | B11: =IF(ASV_Daten!B4="","",ASV_Daten!B4) -> Eiche | C11: =IF(ASV_Daten!C4="","",ASV_Daten!C4) -> Lene | D11: =IF(ASV_Daten!D4="","",ASV_Daten!D4) -> 2015 | E11: =IF(ASV_Daten!E4="","",ASV_Daten!E4) -> W | F11: =MID(A11,2,1) -> 5 | G11: =2026-D11 -> 11 | I11: =IF(H11="", 0, IFERROR(XLOOKUP(H11, INDIRECT("'"&P11&"'!A4:A"), INDIRECT("'"&P11&"'!B4:B"), 0, 1), 0)) -> 0 | J11: 9.5 | K11: =IF(J11="", 0, IFERROR(XLOOKUP(J11, INDIRECT("'"&P11&"'!E4:E"), INDIRECT("'"&P11&"'!F4:F"), 0, 1), 0)) -> 225 | L11: 2.89 | M11: =IF(L11="", 0, IFERROR(XLOOKUP(L11, INDIRECT("'"&P11&"'!I4:I"), INDIRECT("'"&P11&"'!J4:J"), 0, -1), 0)) -> 291 | N11: 14 | O11: =IF(N11="", 0, IFERROR(XLOOKUP(N11, INDIRECT("'"&P11&"'!M4:M"), INDIRECT("'"&P11&"'!N4:N"), 0, -1), 0)) -> 196 | P11: =IF(OR(F11="6",F11="5"),IF(E11="W","Punkte W 5-6","Punkte M 5-6"),IF(E11="W","Punkte W 7-9","Punkte M 7-9")) -> Punkte W 5-6 | Q11: =IF(E11="W","Noten-Matrix-Mädchen","Noten-Matrix-Jungen") -> Noten-Matrix-Mädchen | R11: =SUM(I11, K11, M11, O11) - MIN(I11, K11, M11, O11) -> 712 | S11: =IF(R11=0, "Keine Teilnahme", IFERROR(IF(R11>=VLOOKUP(G11&LOWER(E11), Formeln!$H$2:$K$30, 4, FALSE), "Ehrenurkunde", IF(R11>=VLOOKUP(G11&LOWER(E11), Formeln!$H$2:$K$30, 3, FALSE), "Siegerurkunde", "Teilnehmerurkunde")), "Keine Urkunde")) -> Siegerurkunde | T11: =IF(R11=0, "Keine Teilnahme", IFERROR(XLOOKUP(R11, INDEX(INDIRECT("'"&Q11&"'!A:J"), 0, MATCH(G11, INDIRECT("'"&Q11&"'!A1:J1"), 0)), INDIRECT("'"&Q11&"'!A:A"), "Keine Note", -1), "Keine Note")) -> 2.7
A12: =IF(ASV_Daten!A3="","",ASV_Daten!A3) -> R5A | B12: =IF(ASV_Daten!B3="","",ASV_Daten!B3) -> Böttcher | C12: =IF(ASV_Daten!C3="","",ASV_Daten!C3) -> Lian | D12: =IF(ASV_Daten!D3="","",ASV_Daten!D3) -> 2015 | E12: =IF(ASV_Daten!E3="","",ASV_Daten!E3) -> M | F12: =MID(A12,2,1) -> 5 | G12: =2026-D12 -> 11 | H12: 0.20069444 | I12: =IF(H12="", 0, IFERROR(XLOOKUP(H12, INDIRECT("'"&P12&"'!A4:A"), INDIRECT("'"&P12&"'!B4:B"), 0, 1), 0)) -> 213 | K12: =IF(J12="", 0, IFERROR(XLOOKUP(J12, INDIRECT("'"&P12&"'!E4:E"), INDIRECT("'"&P12&"'!F4:F"), 0, 1), 0)) -> 0 | L12: 3.09 | M12: =IF(L12="", 0, IFERROR(XLOOKUP(L12, INDIRECT("'"&P12&"'!I4:I"), INDIRECT("'"&P12&"'!J4:J"), 0, -1), 0)) -> 277 | N12: 23 | O12: =IF(N12="", 0, IFERROR(XLOOKUP(N12, INDIRECT("'"&P12&"'!M4:M"), INDIRECT("'"&P12&"'!N4:N"), 0, -1), 0)) -> 181 | P12: =IF(OR(F12="6",F12="5"),IF(E12="W","Punkte W 5-6","Punkte M 5-6"),IF(E12="W","Punkte W 7-9","Punkte M 7-9")) -> Punkte M 5-6 | Q12: =IF(E12="W","Noten-Matrix-Mädchen","Noten-Matrix-Jungen") -> Noten-Matrix-Jungen | R12: =SUM(I12, K12, M12, O12) - MIN(I12, K12, M12, O12) -> 671 | S12: =IF(R12=0, "Keine Teilnahme", IFERROR(IF(R12>=VLOOKUP(G12&LOWER(E12), Formeln!$H$2:$K$30, 4, FALSE), "Ehrenurkunde", IF(R12>=VLOOKUP(G12&LOWER(E12), Formeln!$H$2:$K$30, 3, FALSE), "Siegerurkunde", "Teilnehmerurkunde")), "Keine Urkunde")) -> Teilnehmerurkunde | T12: =IF(R12=0, "Keine Teilnahme", IFERROR(XLOOKUP(R12, INDEX(INDIRECT("'"&Q12&"'!A:J"), 0, MATCH(G12, INDIRECT("'"&Q12&"'!A1:J1"), 0)), INDIRECT("'"&Q12&"'!A:A"), "Keine Note", -1), "Keine Note")) -> 2.8
A13: =IF(ASV_Daten!A6="","",ASV_Daten!A6) -> R5A | B13: =IF(ASV_Daten!B6="","",ASV_Daten!B6) -> Hajdaraj | C13: =IF(ASV_Daten!C6="","",ASV_Daten!C6) -> Lorik | D13: =IF(ASV_Daten!D6="","",ASV_Daten!D6) -> 2015 | E13: =IF(ASV_Daten!E6="","",ASV_Daten!E6) -> M | F13: =MID(A13,2,1) -> 5 | G13: =2026-D13 -> 11 | H13: 0.1875 | I13: =IF(H13="", 0, IFERROR(XLOOKUP(H13, INDIRECT("'"&P13&"'!A4:A"), INDIRECT("'"&P13&"'!B4:B"), 0, 1), 0)) -> 257 | K13: =IF(J13="", 0, IFERROR(XLOOKUP(J13, INDIRECT("'"&P13&"'!E4:E"), INDIRECT("'"&P13&"'!F4:F"), 0, 1), 0)) -> 0 | L13: 3.29 | M13: =IF(L13="", 0, IFERROR(XLOOKUP(L13, INDIRECT("'"&P13&"'!I4:I"), INDIRECT("'"&P13&"'!J4:J"), 0, -1), 0)) -> 302 | N13: 24.5 | O13: =IF(N13="", 0, IFERROR(XLOOKUP(N13, INDIRECT("'"&P13&"'!M4:M"), INDIRECT("'"&P13&"'!N4:N"), 0, -1), 0)) -> 195 | P13: =IF(OR(F13="6",F13="5"),IF(E13="W","Punkte W 5-6","Punkte M 5-6"),IF(E13="W","Punkte W 7-9","Punkte M 7-9")) -> Punkte M 5-6 | Q13: =IF(E13="W","Noten-Matrix-Mädchen","Noten-Matrix-Jungen") -> Noten-Matrix-Jungen | R13: =SUM(I13, K13, M13, O13) - MIN(I13, K13, M13, O13) -> 754 | S13: =IF(R13=0, "Keine Teilnahme", IFERROR(IF(R13>=VLOOKUP(G13&LOWER(E13), Formeln!$H$2:$K$30, 4, FALSE), "Ehrenurkunde", IF(R13>=VLOOKUP(G13&LOWER(E13), Formeln!$H$2:$K$30, 3, FALSE), "Siegerurkunde", "Teilnehmerurkunde")), "Keine Urkunde")) -> Siegerurkunde | T13: =IF(R13=0, "Keine Teilnahme", IFERROR(XLOOKUP(R13, INDEX(INDIRECT("'"&Q13&"'!A:J"), 0, MATCH(G13, INDIRECT("'"&Q13&"'!A1:J1"), 0)), INDIRECT("'"&Q13&"'!A:A"), "Keine Note", -1), "Keine Note")) -> 2.2
A14: =IF(ASV_Daten!A23="","",ASV_Daten!A23) -> R5A | B14: =IF(ASV_Daten!B23="","",ASV_Daten!B23) -> Singh | C14: =IF(ASV_Daten!C23="","",ASV_Daten!C23) -> Louis | D14: =IF(ASV_Daten!D23="","",ASV_Daten!D23) -> 2014 | E14: =IF(ASV_Daten!E23="","",ASV_Daten!E23) -> M | F14: =MID(A14,2,1) -> 5 | G14: =2026-D14 -> 12 | I14: =IF(H14="", 0, IFERROR(XLOOKUP(H14, INDIRECT("'"&P14&"'!A4:A"), INDIRECT("'"&P14&"'!B4:B"), 0, 1), 0)) -> 0 | K14: =IF(J14="", 0, IFERROR(XLOOKUP(J14, INDIRECT("'"&P14&"'!E4:E"), INDIRECT("'"&P14&"'!F4:F"), 0, 1), 0)) -> 0 | M14: =IF(L14="", 0, IFERROR(XLOOKUP(L14, INDIRECT("'"&P14&"'!I4:I"), INDIRECT("'"&P14&"'!J4:J"), 0, -1), 0)) -> 0 | O14: =IF(N14="", 0, IFERROR(XLOOKUP(N14, INDIRECT("'"&P14&"'!M4:M"), INDIRECT("'"&P14&"'!N4:N"), 0, -1), 0)) -> 0 | P14: =IF(OR(F14="6",F14="5"),IF(E14="W","Punkte W 5-6","Punkte M 5-6"),IF(E14="W","Punkte W 7-9","Punkte M 7-9")) -> Punkte M 5-6 | Q14: =IF(E14="W","Noten-Matrix-Mädchen","Noten-Matrix-Jungen") -> Noten-Matrix-Jungen | R14: =SUM(I14, K14, M14, O14) - MIN(I14, K14, M14, O14) -> 0 | S14: =IF(R14=0, "Keine Teilnahme", IFERROR(IF(R14>=VLOOKUP(G14&LOWER(E14), Formeln!$H$2:$K$30, 4, FALSE), "Ehrenurkunde", IF(R14>=VLOOKUP(G14&LOWER(E14), Formeln!$H$2:$K$30, 3, FALSE), "Siegerurkunde", "Teilnehmerurkunde")), "Keine Urkunde")) -> Keine Teilnahme | T14: =IF(R14=0, "Keine Teilnahme", IFERROR(XLOOKUP(R14, INDEX(INDIRECT("'"&Q14&"'!A:J"), 0, MATCH(G14, INDIRECT("'"&Q14&"'!A1:J1"), 0)), INDIRECT("'"&Q14&"'!A:A"), "Keine Note", -1), "Keine Note")) -> Keine Teilnahme
A15: =IF(ASV_Daten!A8="","",ASV_Daten!A8) -> R5A | B15: =IF(ASV_Daten!B8="","",ASV_Daten!B8) -> Kaltenbach | C15: =IF(ASV_Daten!C8="","",ASV_Daten!C8) -> Lucia | D15: =IF(ASV_Daten!D8="","",ASV_Daten!D8) -> 2015 | E15: =IF(ASV_Daten!E8="","",ASV_Daten!E8) -> W | F15: =MID(A15,2,1) -> 5 | G15: =2026-D15 -> 11 | I15: =IF(H15="", 0, IFERROR(XLOOKUP(H15, INDIRECT("'"&P15&"'!A4:A"), INDIRECT("'"&P15&"'!B4:B"), 0, 1), 0)) -> 0 | J15: 10.2 | K15: =IF(J15="", 0, IFERROR(XLOOKUP(J15, INDIRECT("'"&P15&"'!E4:E"), INDIRECT("'"&P15&"'!F4:F"), 0, 1), 0)) -> 172 | L15: 2.81 | M15: =IF(L15="", 0, IFERROR(XLOOKUP(L15, INDIRECT("'"&P15&"'!I4:I"), INDIRECT("'"&P15&"'!J4:J"), 0, -1), 0)) -> 280 | N15: 18 | O15: =IF(N15="", 0, IFERROR(XLOOKUP(N15, INDIRECT("'"&P15&"'!M4:M"), INDIRECT("'"&P15&"'!N4:N"), 0, -1), 0)) -> 253 | P15: =IF(OR(F15="6",F15="5"),IF(E15="W","Punkte W 5-6","Punkte M 5-6"),IF(E15="W","Punkte W 7-9","Punkte M 7-9")) -> Punkte W 5-6 | Q15: =IF(E15="W","Noten-Matrix-Mädchen","Noten-Matrix-Jungen") -> Noten-Matrix-Mädchen | R15: =SUM(I15, K15, M15, O15) - MIN(I15, K15, M15, O15) -> 705 | S15: =IF(R15=0, "Keine Teilnahme", IFERROR(IF(R15>=VLOOKUP(G15&LOWER(E15), Formeln!$H$2:$K$30, 4, FALSE), "Ehrenurkunde", IF(R15>=VLOOKUP(G15&LOWER(E15), Formeln!$H$2:$K$30, 3, FALSE), "Siegerurkunde", "Teilnehmerurkunde")), "Keine Urkunde")) -> Siegerurkunde | T15: =IF(R15=0, "Keine Teilnahme", IFERROR(XLOOKUP(R15, INDEX(INDIRECT("'"&Q15&"'!A:J"), 0, MATCH(G15, INDIRECT("'"&Q15&"'!A1:J1"), 0)), INDIRECT("'"&Q15&"'!A:A"), "Keine Note", -1), "Keine Note")) -> 2.7
A16: =IF(ASV_Daten!A7="","",ASV_Daten!A7) -> R5A | B16: =IF(ASV_Daten!B7="","",ASV_Daten!B7) -> Herrman | C16: =IF(ASV_Daten!C7="","",ASV_Daten!C7) -> Marlon | D16: =IF(ASV_Daten!D7="","",ASV_Daten!D7) -> 2014 | E16: =IF(ASV_Daten!E7="","",ASV_Daten!E7) -> M | F16: =MID(A16,2,1) -> 5 | G16: =2026-D16 -> 12 | H16: 0.18888889 | I16: =IF(H16="", 0, IFERROR(XLOOKUP(H16, INDIRECT("'"&P16&"'!A4:A"), INDIRECT("'"&P16&"'!B4:B"), 0, 1), 0)) -> 253 | K16: =IF(J16="", 0, IFERROR(XLOOKUP(J16, INDIRECT("'"&P16&"'!E4:E"), INDIRECT("'"&P16&"'!F4:F"), 0, 1), 0)) -> 0 | L16: 3.21 | M16: =IF(L16="", 0, IFERROR(XLOOKUP(L16, INDIRECT("'"&P16&"'!I4:I"), INDIRECT("'"&P16&"'!J4:J"), 0, -1), 0)) -> 292 | N16: 26 | O16: =IF(N16="", 0, IFERROR(XLOOKUP(N16, INDIRECT("'"&P16&"'!M4:M"), INDIRECT("'"&P16&"'!N4:N"), 0, -1), 0)) -> 209 | P16: =IF(OR(F16="6",F16="5"),IF(E16="W","Punkte W 5-6","Punkte M 5-6"),IF(E16="W","Punkte W 7-9","Punkte M 7-9")) -> Punkte M 5-6 | Q16: =IF(E16="W","Noten-Matrix-Mädchen","Noten-Matrix-Jungen") -> Noten-Matrix-Jungen | R16: =SUM(I16, K16, M16, O16) - MIN(I16, K16, M16, O16) -> 754 | S16: =IF(R16=0, "Keine Teilnahme", IFERROR(IF(R16>=VLOOKUP(G16&LOWER(E16), Formeln!$H$2:$K$30, 4, FALSE), "Ehrenurkunde", IF(R16>=VLOOKUP(G16&LOWER(E16), Formeln!$H$2:$K$30, 3, FALSE), "Siegerurkunde", "Teilnehmerurkunde")), "Keine Urkunde")) -> Siegerurkunde | T16: =IF(R16=0, "Keine Teilnahme", IFERROR(XLOOKUP(R16, INDEX(INDIRECT("'"&Q16&"'!A:J"), 0, MATCH(G16, INDIRECT("'"&Q16&"'!A1:J1"), 0)), INDIRECT("'"&Q16&"'!A:A"), "Keine Note", -1), "Keine Note")) -> 2.7
A17: =IF(ASV_Daten!A17="","",ASV_Daten!A17) -> R5A | B17: =IF(ASV_Daten!B17="","",ASV_Daten!B17) -> Pieler | C17: =IF(ASV_Daten!C17="","",ASV_Daten!C17) -> Max | D17: =IF(ASV_Daten!D17="","",ASV_Daten!D17) -> 2015 | E17: =IF(ASV_Daten!E17="","",ASV_Daten!E17) -> M | F17: =MID(A17,2,1) -> 5 | G17: =2026-D17 -> 11 | H17: 0.17916667 | I17: =IF(H17="", 0, IFERROR(XLOOKUP(H17, INDIRECT("'"&P17&"'!A4:A"), INDIRECT("'"&P17&"'!B4:B"), 0, 1), 0)) -> 286 | K17: =IF(J17="", 0, IFERROR(XLOOKUP(J17, INDIRECT("'"&P17&"'!E4:E"), INDIRECT("'"&P17&"'!F4:F"), 0, 1), 0)) -> 0 | L17: 3.81 | M17: =IF(L17="", 0, IFERROR(XLOOKUP(L17, INDIRECT("'"&P17&"'!I4:I"), INDIRECT("'"&P17&"'!J4:J"), 0, -1), 0)) -> 366 | N17: 40 | O17: =IF(N17="", 0, IFERROR(XLOOKUP(N17, INDIRECT("'"&P17&"'!M4:M"), INDIRECT("'"&P17&"'!N4:N"), 0, -1), 0)) -> 320 | P17: =IF(OR(F17="6",F17="5"),IF(E17="W","Punkte W 5-6","Punkte M 5-6"),IF(E17="W","Punkte W 7-9","Punkte M 7-9")) -> Punkte M 5-6 | Q17: =IF(E17="W","Noten-Matrix-Mädchen","Noten-Matrix-Jungen") -> Noten-Matrix-Jungen | R17: =SUM(I17, K17, M17, O17) - MIN(I17, K17, M17, O17) -> 972 | S17: =IF(R17=0, "Keine Teilnahme", IFERROR(IF(R17>=VLOOKUP(G17&LOWER(E17), Formeln!$H$2:$K$30, 4, FALSE), "Ehrenurkunde", IF(R17>=VLOOKUP(G17&LOWER(E17), Formeln!$H$2:$K$30, 3, FALSE), "Siegerurkunde", "Teilnehmerurkunde")), "Keine Urkunde")) -> Ehrenurkunde | T17: =IF(R17=0, "Keine Teilnahme", IFERROR(XLOOKUP(R17, INDEX(INDIRECT("'"&Q17&"'!A:J"), 0, MATCH(G17, INDIRECT("'"&Q17&"'!A1:J1"), 0)), INDIRECT("'"&Q17&"'!A:A"), "Keine Note", -1), "Keine Note")) -> 1.1
A18: =IF(ASV_Daten!A13="","",ASV_Daten!A13) -> R5A | B18: =IF(ASV_Daten!B13="","",ASV_Daten!B13) -> Lickert | C18: =IF(ASV_Daten!C13="","",ASV_Daten!C13) -> Mia | D18: =IF(ASV_Daten!D13="","",ASV_Daten!D13) -> 2014 | E18: =IF(ASV_Daten!E13="","",ASV_Daten!E13) -> W | F18: =MID(A18,2,1) -> 5 | G18: =2026-D18 -> 12 | I18: =IF(H18="", 0, IFERROR(XLOOKUP(H18, INDIRECT("'"&P18&"'!A4:A"), INDIRECT("'"&P18&"'!B4:B"), 0, 1), 0)) -> 0 | J18: 8.5 | K18: =IF(J18="", 0, IFERROR(XLOOKUP(J18, INDIRECT("'"&P18&"'!E4:E"), INDIRECT("'"&P18&"'!F4:F"), 0, 1), 0)) -> 314 | L18: 3.49 | M18: =IF(L18="", 0, IFERROR(XLOOKUP(L18, INDIRECT("'"&P18&"'!I4:I"), INDIRECT("'"&P18&"'!J4:J"), 0, -1), 0)) -> 372 | N18: 19 | O18: =IF(N18="", 0, IFERROR(XLOOKUP(N18, INDIRECT("'"&P18&"'!M4:M"), INDIRECT("'"&P18&"'!N4:N"), 0, -1), 0)) -> 267 | P18: =IF(OR(F18="6",F18="5"),IF(E18="W","Punkte W 5-6","Punkte M 5-6"),IF(E18="W","Punkte W 7-9","Punkte M 7-9")) -> Punkte W 5-6 | Q18: =IF(E18="W","Noten-Matrix-Mädchen","Noten-Matrix-Jungen") -> Noten-Matrix-Mädchen | R18: =SUM(I18, K18, M18, O18) - MIN(I18, K18, M18, O18) -> 953 | S18: =IF(R18=0, "Keine Teilnahme", IFERROR(IF(R18>=VLOOKUP(G18&LOWER(E18), Formeln!$H$2:$K$30, 4, FALSE), "Ehrenurkunde", IF(R18>=VLOOKUP(G18&LOWER(E18), Formeln!$H$2:$K$30, 3, FALSE), "Siegerurkunde", "Teilnehmerurkunde")), "Keine Urkunde")) -> Siegerurkunde | T18: =IF(R18=0, "Keine Teilnahme", IFERROR(XLOOKUP(R18, INDEX(INDIRECT("'"&Q18&"'!A:J"), 0, MATCH(G18, INDIRECT("'"&Q18&"'!A1:J1"), 0)), INDIRECT("'"&Q18&"'!A:A"), "Keine Note", -1), "Keine Note")) -> 1.7
A19: =IF(ASV_Daten!A26="","",ASV_Daten!A26) -> R5A | B19: =IF(ASV_Daten!B26="","",ASV_Daten!B26) -> Ziuzina | C19: =IF(ASV_Daten!C26="","",ASV_Daten!C26) -> Milana | D19: =IF(ASV_Daten!D26="","",ASV_Daten!D26) -> 2014 | E19: =IF(ASV_Daten!E26="","",ASV_Daten!E26) -> W | F19: =MID(A19,2,1) -> 5 | G19: =2026-D19 -> 12 | I19: =IF(H19="", 0, IFERROR(XLOOKUP(H19, INDIRECT("'"&P19&"'!A4:A"), INDIRECT("'"&P19&"'!B4:B"), 0, 1), 0)) -> 0 | J19: 9.4 | K19: =IF(J19="", 0, IFERROR(XLOOKUP(J19, INDIRECT("'"&P19&"'!E4:E"), INDIRECT("'"&P19&"'!F4:F"), 0, 1), 0)) -> 233 | L19: 3.09 | M19: =IF(L19="", 0, IFERROR(XLOOKUP(L19, INDIRECT("'"&P19&"'!I4:I"), INDIRECT("'"&P19&"'!J4:J"), 0, -1), 0)) -> 319 | N19: 10 | O19: =IF(N19="", 0, IFERROR(XLOOKUP(N19, INDIRECT("'"&P19&"'!M4:M"), INDIRECT("'"&P19&"'!N4:N"), 0, -1), 0)) -> 130 | P19: =IF(OR(F19="6",F19="5"),IF(E19="W","Punkte W 5-6","Punkte M 5-6"),IF(E19="W","Punkte W 7-9","Punkte M 7-9")) -> Punkte W 5-6 | Q19: =IF(E19="W","Noten-Matrix-Mädchen","Noten-Matrix-Jungen") -> Noten-Matrix-Mädchen | R19: =SUM(I19, K19, M19, O19) - MIN(I19, K19, M19, O19) -> 682 | S19: =IF(R19=0, "Keine Teilnahme", IFERROR(IF(R19>=VLOOKUP(G19&LOWER(E19), Formeln!$H$2:$K$30, 4, FALSE), "Ehrenurkunde", IF(R19>=VLOOKUP(G19&LOWER(E19), Formeln!$H$2:$K$30, 3, FALSE), "Siegerurkunde", "Teilnehmerurkunde")), "Keine Urkunde")) -> Teilnehmerurkunde | T19: =IF(R19=0, "Keine Teilnahme", IFERROR(XLOOKUP(R19, INDEX(INDIRECT("'"&Q19&"'!A:J"), 0, MATCH(G19, INDIRECT("'"&Q19&"'!A1:J1"), 0)), INDIRECT("'"&Q19&"'!A:A"), "Keine Note", -1), "Keine Note")) -> 3.4
A20: =IF(ASV_Daten!A11="","",ASV_Daten!A11) -> R5A | B20: =IF(ASV_Daten!B11="","",ASV_Daten!B11) -> Kramer | C20: =IF(ASV_Daten!C11="","",ASV_Daten!C11) -> Mira | D20: =IF(ASV_Daten!D11="","",ASV_Daten!D11) -> 2015 | E20: =IF(ASV_Daten!E11="","",ASV_Daten!E11) -> W | F20: =MID(A20,2,1) -> 5 | G20: =2026-D20 -> 11 | I20: =IF(H20="", 0, IFERROR(XLOOKUP(H20, INDIRECT("'"&P20&"'!A4:A"), INDIRECT("'"&P20&"'!B4:B"), 0, 1), 0)) -> 0 | J20: 10.8 | K20: =IF(J20="", 0, IFERROR(XLOOKUP(J20, INDIRECT("'"&P20&"'!E4:E"), INDIRECT("'"&P20&"'!F4:F"), 0, 1), 0)) -> 133 | L20: 2.61 | M20: =IF(L20="", 0, IFERROR(XLOOKUP(L20, INDIRECT("'"&P20&"'!I4:I"), INDIRECT("'"&P20&"'!J4:J"), 0, -1), 0)) -> 250 | N20: 15.5 | O20: =IF(N20="", 0, IFERROR(XLOOKUP(N20, INDIRECT("'"&P20&"'!M4:M"), INDIRECT("'"&P20&"'!N4:N"), 0, -1), 0)) -> 218 | P20: =IF(OR(F20="6",F20="5"),IF(E20="W","Punkte W 5-6","Punkte M 5-6"),IF(E20="W","Punkte W 7-9","Punkte M 7-9")) -> Punkte W 5-6 | Q20: =IF(E20="W","Noten-Matrix-Mädchen","Noten-Matrix-Jungen") -> Noten-Matrix-Mädchen | R20: =SUM(I20, K20, M20, O20) - MIN(I20, K20, M20, O20) -> 601 | S20: =IF(R20=0, "Keine Teilnahme", IFERROR(IF(R20>=VLOOKUP(G20&LOWER(E20), Formeln!$H$2:$K$30, 4, FALSE), "Ehrenurkunde", IF(R20>=VLOOKUP(G20&LOWER(E20), Formeln!$H$2:$K$30, 3, FALSE), "Siegerurkunde", "Teilnehmerurkunde")), "Keine Urkunde")) -> Teilnehmerurkunde | T20: =IF(R20=0, "Keine Teilnahme", IFERROR(XLOOKUP(R20, INDEX(INDIRECT("'"&Q20&"'!A:J"), 0, MATCH(G20, INDIRECT("'"&Q20&"'!A1:J1"), 0)), INDIRECT("'"&Q20&"'!A:A"), "Keine Note", -1), "Keine Note")) -> 3.4
A21: =IF(ASV_Daten!A14="","",ASV_Daten!A14) -> R5A | B21: =IF(ASV_Daten!B14="","",ASV_Daten!B14) -> Magidi | C21: =IF(ASV_Daten!C14="","",ASV_Daten!C14) -> Mobina | D21: =IF(ASV_Daten!D14="","",ASV_Daten!D14) -> 2015 | E21: =IF(ASV_Daten!E14="","",ASV_Daten!E14) -> W | F21: =MID(A21,2,1) -> 5 | G21: =2026-D21 -> 11 | I21: =IF(H21="", 0, IFERROR(XLOOKUP(H21, INDIRECT("'"&P21&"'!A4:A"), INDIRECT("'"&P21&"'!B4:B"), 0, 1), 0)) -> 0 | J21: 10.3 | K21: =IF(J21="", 0, IFERROR(XLOOKUP(J21, INDIRECT("'"&P21&"'!E4:E"), INDIRECT("'"&P21&"'!F4:F"), 0, 1), 0)) -> 166 | L21: 2.69 | M21: =IF(L21="", 0, IFERROR(XLOOKUP(L21, INDIRECT("'"&P21&"'!I4:I"), INDIRECT("'"&P21&"'!J4:J"), 0, -1), 0)) -> 262 | N21: 17.5 | O21: =IF(N21="", 0, IFERROR(XLOOKUP(N21, INDIRECT("'"&P21&"'!M4:M"), INDIRECT("'"&P21&"'!N4:N"), 0, -1), 0)) -> 247 | P21: =IF(OR(F21="6",F21="5"),IF(E21="W","Punkte W 5-6","Punkte M 5-6"),IF(E21="W","Punkte W 7-9","Punkte M 7-9")) -> Punkte W 5-6 | Q21: =IF(E21="W","Noten-Matrix-Mädchen","Noten-Matrix-Jungen") -> Noten-Matrix-Mädchen | R21: =SUM(I21, K21, M21, O21) - MIN(I21, K21, M21, O21) -> 675 | S21: =IF(R21=0, "Keine Teilnahme", IFERROR(IF(R21>=VLOOKUP(G21&LOWER(E21), Formeln!$H$2:$K$30, 4, FALSE), "Ehrenurkunde", IF(R21>=VLOOKUP(G21&LOWER(E21), Formeln!$H$2:$K$30, 3, FALSE), "Siegerurkunde", "Teilnehmerurkunde")), "Keine Urkunde")) -> Teilnehmerurkunde | T21: =IF(R21=0, "Keine Teilnahme", IFERROR(XLOOKUP(R21, INDEX(INDIRECT("'"&Q21&"'!A:J"), 0, MATCH(G21, INDIRECT("'"&Q21&"'!A1:J1"), 0)), INDIRECT("'"&Q21&"'!A:A"), "Keine Note", -1), "Keine Note")) -> 2.9
A22: =IF(ASV_Daten!A9="","",ASV_Daten!A9) -> R5A | B22: =IF(ASV_Daten!B9="","",ASV_Daten!B9) -> Kaltschmidt | C22: =IF(ASV_Daten!C9="","",ASV_Daten!C9) -> Nelly | D22: =IF(ASV_Daten!D9="","",ASV_Daten!D9) -> 2014 | E22: =IF(ASV_Daten!E9="","",ASV_Daten!E9) -> W | F22: =MID(A22,2,1) -> 5 | G22: =2026-D22 -> 12 | H22: 0.15208333 | I22: =IF(H22="", 0, IFERROR(XLOOKUP(H22, INDIRECT("'"&P22&"'!A4:A"), INDIRECT("'"&P22&"'!B4:B"), 0, 1), 0)) -> 249 | K22: =IF(J22="", 0, IFERROR(XLOOKUP(J22, INDIRECT("'"&P22&"'!E4:E"), INDIRECT("'"&P22&"'!F4:F"), 0, 1), 0)) -> 0 | M22: =IF(L22="", 0, IFERROR(XLOOKUP(L22, INDIRECT("'"&P22&"'!I4:I"), INDIRECT("'"&P22&"'!J4:J"), 0, -1), 0)) -> 0 | N22: 18 | O22: =IF(N22="", 0, IFERROR(XLOOKUP(N22, INDIRECT("'"&P22&"'!M4:M"), INDIRECT("'"&P22&"'!N4:N"), 0, -1), 0)) -> 253 | P22: =IF(OR(F22="6",F22="5"),IF(E22="W","Punkte W 5-6","Punkte M 5-6"),IF(E22="W","Punkte W 7-9","Punkte M 7-9")) -> Punkte W 5-6 | Q22: =IF(E22="W","Noten-Matrix-Mädchen","Noten-Matrix-Jungen") -> Noten-Matrix-Mädchen | R22: =SUM(I22, K22, M22, O22) - MIN(I22, K22, M22, O22) -> 502 | S22: =IF(R22=0, "Keine Teilnahme", IFERROR(IF(R22>=VLOOKUP(G22&LOWER(E22), Formeln!$H$2:$K$30, 4, FALSE), "Ehrenurkunde", IF(R22>=VLOOKUP(G22&LOWER(E22), Formeln!$H$2:$K$30, 3, FALSE), "Siegerurkunde", "Teilnehmerurkunde")), "Keine Urkunde")) -> Teilnehmerurkunde | T22: =IF(R22=0, "Keine Teilnahme", IFERROR(XLOOKUP(R22, INDEX(INDIRECT("'"&Q22&"'!A:J"), 0, MATCH(G22, INDIRECT("'"&Q22&"'!A1:J1"), 0)), INDIRECT("'"&Q22&"'!A:A"), "Keine Note", -1), "Keine Note")) -> NOTE
A23: =IF(ASV_Daten!A18="","",ASV_Daten!A18) -> R5A | B23: =IF(ASV_Daten!B18="","",ASV_Daten!B18) -> Rogg | C23: =IF(ASV_Daten!C18="","",ASV_Daten!C18) -> Nico | D23: =IF(ASV_Daten!D18="","",ASV_Daten!D18) -> 2014 | E23: =IF(ASV_Daten!E18="","",ASV_Daten!E18) -> M | F23: =MID(A23,2,1) -> 5 | G23: =2026-D23 -> 12 | H23: 0.20138889 | I23: =IF(H23="", 0, IFERROR(XLOOKUP(H23, INDIRECT("'"&P23&"'!A4:A"), INDIRECT("'"&P23&"'!B4:B"), 0, 1), 0)) -> 213 | K23: =IF(J23="", 0, IFERROR(XLOOKUP(J23, INDIRECT("'"&P23&"'!E4:E"), INDIRECT("'"&P23&"'!F4:F"), 0, 1), 0)) -> 0 | L23: 3.09 | M23: =IF(L23="", 0, IFERROR(XLOOKUP(L23, INDIRECT("'"&P23&"'!I4:I"), INDIRECT("'"&P23&"'!J4:J"), 0, -1), 0)) -> 277 | N23: 25 | O23: =IF(N23="", 0, IFERROR(XLOOKUP(N23, INDIRECT("'"&P23&"'!M4:M"), INDIRECT("'"&P23&"'!N4:N"), 0, -1), 0)) -> 200 | P23: =IF(OR(F23="6",F23="5"),IF(E23="W","Punkte W 5-6","Punkte M 5-6"),IF(E23="W","Punkte W 7-9","Punkte M 7-9")) -> Punkte M 5-6 | Q23: =IF(E23="W","Noten-Matrix-Mädchen","Noten-Matrix-Jungen") -> Noten-Matrix-Jungen | R23: =SUM(I23, K23, M23, O23) - MIN(I23, K23, M23, O23) -> 690 | S23: =IF(R23=0, "Keine Teilnahme", IFERROR(IF(R23>=VLOOKUP(G23&LOWER(E23), Formeln!$H$2:$K$30, 4, FALSE), "Ehrenurkunde", IF(R23>=VLOOKUP(G23&LOWER(E23), Formeln!$H$2:$K$30, 3, FALSE), "Siegerurkunde", "Teilnehmerurkunde")), "Keine Urkunde")) -> Teilnehmerurkunde | T23: =IF(R23=0, "Keine Teilnahme", IFERROR(XLOOKUP(R23, INDEX(INDIRECT("'"&Q23&"'!A:J"), 0, MATCH(G23, INDIRECT("'"&Q23&"'!A1:J1"), 0)), INDIRECT("'"&Q23&"'!A:A"), "Keine Note", -1), "Keine Note")) -> 3.1
A24: =IF(ASV_Daten!A22="","",ASV_Daten!A22) -> R5A | B24: =IF(ASV_Daten!B22="","",ASV_Daten!B22) -> Shahini | C24: =IF(ASV_Daten!C22="","",ASV_Daten!C22) -> Dion | D24: =IF(ASV_Daten!D22="","",ASV_Daten!D22) -> 2014 | E24: =IF(ASV_Daten!E21="","",ASV_Daten!E21) -> M | F24: =MID(A24,2,1) -> 5 | G24: =2026-D24 -> 12 | H24: 0.1875 | I24: =IF(H24="", 0, IFERROR(XLOOKUP(H24, INDIRECT("'"&P24&"'!A4:A"), INDIRECT("'"&P24&"'!B4:B"), 0, 1), 0)) -> 257 | K24: =IF(J24="", 0, IFERROR(XLOOKUP(J24, INDIRECT("'"&P24&"'!E4:E"), INDIRECT("'"&P24&"'!F4:F"), 0, 1), 0)) -> 0 | M24: =IF(L24="", 0, IFERROR(XLOOKUP(L24, INDIRECT("'"&P24&"'!I4:I"), INDIRECT("'"&P24&"'!J4:J"), 0, -1), 0)) -> 0 | O24: =IF(N24="", 0, IFERROR(XLOOKUP(N24, INDIRECT("'"&P24&"'!M4:M"), INDIRECT("'"&P24&"'!N4:N"), 0, -1), 0)) -> 0 | P24: =IF(OR(F24="6",F24="5"),IF(E24="W","Punkte W 5-6","Punkte M 5-6"),IF(E24="W","Punkte W 7-9","Punkte M 7-9")) -> Punkte M 5-6 | Q24: =IF(E24="W","Noten-Matrix-Mädchen","Noten-Matrix-Jungen") -> Noten-Matrix-Jungen | R24: =SUM(I24, K24, M24, O24) - MIN(I24, K24, M24, O24) -> 257 | S24: =IF(R24=0, "Keine Teilnahme", IFERROR(IF(R24>=VLOOKUP(G24&LOWER(E24), Formeln!$H$2:$K$30, 4, FALSE), "Ehrenurkunde", IF(R24>=VLOOKUP(G24&LOWER(E24), Formeln!$H$2:$K$30, 3, FALSE), "Siegerurkunde", "Teilnehmerurkunde")), "Keine Urkunde")) -> Teilnehmerurkunde | T24: =IF(R24=0, "Keine Teilnahme", IFERROR(XLOOKUP(R24, INDEX(INDIRECT("'"&Q24&"'!A:J"), 0, MATCH(G24, INDIRECT("'"&Q24&"'!A1:J1"), 0)), INDIRECT("'"&Q24&"'!A:A"), "Keine Note", -1), "Keine Note")) -> NOTE
A25: =IF(ASV_Daten!A24="","",ASV_Daten!A24) -> R5A | B25: =IF(ASV_Daten!B24="","",ASV_Daten!B24) -> Uhlmann | C25: =IF(ASV_Daten!C24="","",ASV_Daten!C24) -> Paul | D25: =IF(ASV_Daten!D24="","",ASV_Daten!D24) -> 2014 | E25: =IF(ASV_Daten!E24="","",ASV_Daten!E24) -> M | F25: =MID(A25,2,1) -> 5 | G25: =2026-D25 -> 12 | I25: =IF(H25="", 0, IFERROR(XLOOKUP(H25, INDIRECT("'"&P25&"'!A4:A"), INDIRECT("'"&P25&"'!B4:B"), 0, 1), 0)) -> 0 | J25: 9.4 | K25: =IF(J25="", 0, IFERROR(XLOOKUP(J25, INDIRECT("'"&P25&"'!E4:E"), INDIRECT("'"&P25&"'!F4:F"), 0, 1), 0)) -> 202 | L25: 3.29 | M25: =IF(L25="", 0, IFERROR(XLOOKUP(L25, INDIRECT("'"&P25&"'!I4:I"), INDIRECT("'"&P25&"'!J4:J"), 0, -1), 0)) -> 302 | N25: 26 | O25: =IF(N25="", 0, IFERROR(XLOOKUP(N25, INDIRECT("'"&P25&"'!M4:M"), INDIRECT("'"&P25&"'!N4:N"), 0, -1), 0)) -> 209 | P25: =IF(OR(F25="6",F25="5"),IF(E25="W","Punkte W 5-6","Punkte M 5-6"),IF(E25="W","Punkte W 7-9","Punkte M 7-9")) -> Punkte M 5-6 | Q25: =IF(E25="W","Noten-Matrix-Mädchen","Noten-Matrix-Jungen") -> Noten-Matrix-Jungen | R25: =SUM(I25, K25, M25, O25) - MIN(I25, K25, M25, O25) -> 713 | S25: =IF(R25=0, "Keine Teilnahme", IFERROR(IF(R25>=VLOOKUP(G25&LOWER(E25), Formeln!$H$2:$K$30, 4, FALSE), "Ehrenurkunde", IF(R25>=VLOOKUP(G25&LOWER(E25), Formeln!$H$2:$K$30, 3, FALSE), "Siegerurkunde", "Teilnehmerurkunde")), "Keine Urkunde")) -> Teilnehmerurkunde | T25: =IF(R25=0, "Keine Teilnahme", IFERROR(XLOOKUP(R25, INDEX(INDIRECT("'"&Q25&"'!A:J"), 0, MATCH(G25, INDIRECT("'"&Q25&"'!A1:J1"), 0)), INDIRECT("'"&Q25&"'!A:A"), "Keine Note", -1), "Keine Note")) -> 3
A26: =IF(ASV_Daten!A2="","",ASV_Daten!A2) -> R5A | B26: =IF(ASV_Daten!B2="","",ASV_Daten!B2) -> Birkle | C26: =IF(ASV_Daten!C2="","",ASV_Daten!C2) -> Teresa | D26: =IF(ASV_Daten!D2="","",ASV_Daten!D2) -> 2015 | E26: W | F26: =MID(A26,2,1) -> 5 | G26: =2026-D26 -> 11 | I26: =IF(H26="", 0, IFERROR(XLOOKUP(H26, INDIRECT("'"&P26&"'!A4:A"), INDIRECT("'"&P26&"'!B4:B"), 0, 1), 0)) -> 0 | J26: 8.6 | K26: =IF(J26="", 0, IFERROR(XLOOKUP(J26, INDIRECT("'"&P26&"'!E4:E"), INDIRECT("'"&P26&"'!F4:F"), 0, 1), 0)) -> 304 | L26: 3.41 | M26: =IF(L26="", 0, IFERROR(XLOOKUP(L26, INDIRECT("'"&P26&"'!I4:I"), INDIRECT("'"&P26&"'!J4:J"), 0, -1), 0)) -> 362 | N26: 20 | O26: =IF(N26="", 0, IFERROR(XLOOKUP(N26, INDIRECT("'"&P26&"'!M4:M"), INDIRECT("'"&P26&"'!N4:N"), 0, -1), 0)) -> 280 | P26: =IF(OR(F26="6",F26="5"),IF(E26="W","Punkte W 5-6","Punkte M 5-6"),IF(E26="W","Punkte W 7-9","Punkte M 7-9")) -> Punkte W 5-6 | Q26: =IF(E26="W","Noten-Matrix-Mädchen","Noten-Matrix-Jungen") -> Noten-Matrix-Mädchen | R26: =SUM(I26, K26, M26, O26) - MIN(I26, K26, M26, O26) -> 946 | S26: =IF(R26=0, "Keine Teilnahme", IFERROR(IF(R26>=VLOOKUP(G26&LOWER(E26), Formeln!$H$2:$K$30, 4, FALSE), "Ehrenurkunde", IF(R26>=VLOOKUP(G26&LOWER(E26), Formeln!$H$2:$K$30, 3, FALSE), "Siegerurkunde", "Teilnehmerurkunde")), "Keine Urkunde")) -> Ehrenurkunde | T26: =IF(R26=0, "Keine Teilnahme", IFERROR(XLOOKUP(R26, INDEX(INDIRECT("'"&Q26&"'!A:J"), 0, MATCH(G26, INDIRECT("'"&Q26&"'!A1:J1"), 0)), INDIRECT("'"&Q26&"'!A:A"), "Keine Note", -1), "Keine Note")) -> 1.3
A27: =IF(ASV_Daten!A36="","",ASV_Daten!A36) -> R5B | B27: =IF(ASV_Daten!B36="","",ASV_Daten!B36) -> Kleiser | C27: =IF(ASV_Daten!C36="","",ASV_Daten!C36) -> Alicia | D27: =IF(ASV_Daten!D36="","",ASV_Daten!D36) -> 2015 | E27: =IF(ASV_Daten!E36="","",ASV_Daten!E36) -> W | F27: =MID(A27,2,1) -> 5 | G27: =2026-D27 -> 11 | I27: =IF(H27="", 0, IFERROR(XLOOKUP(H27, INDIRECT("'"&P27&"'!A4:A"), INDIRECT("'"&P27&"'!B4:B"), 0, 1), 0)) -> 0 | J27: 8.7 | K27: =IF(J27="", 0, IFERROR(XLOOKUP(J27, INDIRECT("'"&P27&"'!E4:E"), INDIRECT("'"&P27&"'!F4:F"), 0, 1), 0)) -> 294 | L27: 3.21 | M27: =IF(L27="", 0, IFERROR(XLOOKUP(L27, INDIRECT("'"&P27&"'!I4:I"), INDIRECT("'"&P27&"'!J4:J"), 0, -1), 0)) -> 335 | N27: 20 | O27: =IF(N27="", 0, IFERROR(XLOOKUP(N27, INDIRECT("'"&P27&"'!M4:M"), INDIRECT("'"&P27&"'!N4:N"), 0, -1), 0)) -> 280 | P27: =IF(OR(F27="6",F27="5"),IF(E27="W","Punkte W 5-6","Punkte M 5-6"),IF(E27="W","Punkte W 7-9","Punkte M 7-9")) -> Punkte W 5-6 | Q27: =IF(E27="W","Noten-Matrix-Mädchen","Noten-Matrix-Jungen") -> Noten-Matrix-Mädchen | R27: =SUM(I27, K27, M27, O27) - MIN(I27, K27, M27, O27) -> 909 | S27: =IF(R27=0, "Keine Teilnahme", IFERROR(IF(R27>=VLOOKUP(G27&LOWER(E27), Formeln!$H$2:$K$30, 4, FALSE), "Ehrenurkunde", IF(R27>=VLOOKUP(G27&LOWER(E27), Formeln!$H$2:$K$30, 3, FALSE), "Siegerurkunde", "Teilnehmerurkunde")), "Keine Urkunde")) -> Ehrenurkunde | T27: =IF(R27=0, "Keine Teilnahme", IFERROR(XLOOKUP(R27, INDEX(INDIRECT("'"&Q27&"'!A:J"), 0, MATCH(G27, INDIRECT("'"&Q27&"'!A1:J1"), 0)), INDIRECT("'"&Q27&"'!A:A"), "Keine Note", -1), "Keine Note")) -> 1.5
A28: =IF(ASV_Daten!A37="","",ASV_Daten!A37) -> R5B | B28: =IF(ASV_Daten!B37="","",ASV_Daten!B37) -> Lejosne | C28: =IF(ASV_Daten!C37="","",ASV_Daten!C37) -> Anastasiia | D28: =IF(ASV_Daten!D37="","",ASV_Daten!D37) -> 2015 | E28: =IF(ASV_Daten!E37="","",ASV_Daten!E37) -> W | F28: =MID(A28,2,1) -> 5 | G28: =2026-D28 -> 11 | I28: =IF(H28="", 0, IFERROR(XLOOKUP(H28, INDIRECT("'"&P28&"'!A4:A"), INDIRECT("'"&P28&"'!B4:B"), 0, 1), 0)) -> 0 | K28: =IF(J28="", 0, IFERROR(XLOOKUP(J28, INDIRECT("'"&P28&"'!E4:E"), INDIRECT("'"&P28&"'!F4:F"), 0, 1), 0)) -> 0 | M28: =IF(L28="", 0, IFERROR(XLOOKUP(L28, INDIRECT("'"&P28&"'!I4:I"), INDIRECT("'"&P28&"'!J4:J"), 0, -1), 0)) -> 0 | O28: =IF(N28="", 0, IFERROR(XLOOKUP(N28, INDIRECT("'"&P28&"'!M4:M"), INDIRECT("'"&P28&"'!N4:N"), 0, -1), 0)) -> 0 | P28: =IF(OR(F28="6",F28="5"),IF(E28="W","Punkte W 5-6","Punkte M 5-6"),IF(E28="W","Punkte W 7-9","Punkte M 7-9")) -> Punkte W 5-6 | Q28: =IF(E28="W","Noten-Matrix-Mädchen","Noten-Matrix-Jungen") -> Noten-Matrix-Mädchen | R28: =SUM(I28, K28, M28, O28) - MIN(I28, K28, M28, O28) -> 0 | S28: =IF(R28=0, "Keine Teilnahme", IFERROR(IF(R28>=VLOOKUP(G28&LOWER(E28), Formeln!$H$2:$K$30, 4, FALSE), "Ehrenurkunde", IF(R28>=VLOOKUP(G28&LOWER(E28), Formeln!$H$2:$K$30, 3, FALSE), "Siegerurkunde", "Teilnehmerurkunde")), "Keine Urkunde")) -> Keine Teilnahme | T28: =IF(R28=0, "Keine Teilnahme", IFERROR(XLOOKUP(R28, INDEX(INDIRECT("'"&Q28&"'!A:J"), 0, MATCH(G28, INDIRECT("'"&Q28&"'!A1:J1"), 0)), INDIRECT("'"&Q28&"'!A:A"), "Keine Note", -1), "Keine Note")) -> Keine Teilnahme
A29: =IF(ASV_Daten!A28="","",ASV_Daten!A28) -> R5B | B29: =IF(ASV_Daten!B28="","",ASV_Daten!B28) -> Buchova | C29: =IF(ASV_Daten!C28="","",ASV_Daten!C28) -> Anna | D29: =IF(ASV_Daten!D28="","",ASV_Daten!D28) -> 2015 | E29: =IF(ASV_Daten!E28="","",ASV_Daten!E28) -> W | F29: =MID(A29,2,1) -> 5 | G29: =2026-D29 -> 11 | I29: =IF(H29="", 0, IFERROR(XLOOKUP(H29, INDIRECT("'"&P29&"'!A4:A"), INDIRECT("'"&P29&"'!B4:B"), 0, 1), 0)) -> 0 | J29: 9.1 | K29: =IF(J29="", 0, IFERROR(XLOOKUP(J29, INDIRECT("'"&P29&"'!E4:E"), INDIRECT("'"&P29&"'!F4:F"), 0, 1), 0)) -> 258 | L29: 3.01 | M29: =IF(L29="", 0, IFERROR(XLOOKUP(L29, INDIRECT("'"&P29&"'!I4:I"), INDIRECT("'"&P29&"'!J4:J"), 0, -1), 0)) -> 308 | N29: 16.5 | O29: =IF(N29="", 0, IFERROR(XLOOKUP(N29, INDIRECT("'"&P29&"'!M4:M"), INDIRECT("'"&P29&"'!N4:N"), 0, -1), 0)) -> 233 | P29: =IF(OR(F29="6",F29="5"),IF(E29="W","Punkte W 5-6","Punkte M 5-6"),IF(E29="W","Punkte W 7-9","Punkte M 7-9")) -> Punkte W 5-6 | Q29: =IF(E29="W","Noten-Matrix-Mädchen","Noten-Matrix-Jungen") -> Noten-Matrix-Mädchen | R29: =SUM(I29, K29, M29, O29) - MIN(I29, K29, M29, O29) -> 799 | S29: =IF(R29=0, "Keine Teilnahme", IFERROR(IF(R29>=VLOOKUP(G29&LOWER(E29), Formeln!$H$2:$K$30, 4, FALSE), "Ehrenurkunde", IF(R29>=VLOOKUP(G29&LOWER(E29), Formeln!$H$2:$K$30, 3, FALSE), "Siegerurkunde", "Teilnehmerurkunde")), "Keine Urkunde")) -> Siegerurkunde | T29: =IF(R29=0, "Keine Teilnahme", IFERROR(XLOOKUP(R29, INDEX(INDIRECT("'"&Q29&"'!A:J"), 0, MATCH(G29, INDIRECT("'"&Q29&"'!A1:J1"), 0)), INDIRECT("'"&Q29&"'!A:A"), "Keine Note", -1), "Keine Note")) -> 2.1
A30: =IF(ASV_Daten!A42="","",ASV_Daten!A42) -> R5B | B30: =IF(ASV_Daten!B42="","",ASV_Daten!B42) -> Wider | C30: =IF(ASV_Daten!C42="","",ASV_Daten!C42) -> Anna-Maria | D30: =IF(ASV_Daten!D42="","",ASV_Daten!D42) -> 2015 | E30: =IF(ASV_Daten!E42="","",ASV_Daten!E42) -> W | F30: =MID(A30,2,1) -> 5 | G30: =2026-D30 -> 11 | H30: 0.12916667 | I30: =IF(H30="", 0, IFERROR(XLOOKUP(H30, INDIRECT("'"&P30&"'!A4:A"), INDIRECT("'"&P30&"'!B4:B"), 0, 1), 0)) -> 352 | K30: =IF(J30="", 0, IFERROR(XLOOKUP(J30, INDIRECT("'"&P30&"'!E4:E"), INDIRECT("'"&P30&"'!F4:F"), 0, 1), 0)) -> 0 | L30: 3.17 | M30: =IF(L30="", 0, IFERROR(XLOOKUP(L30, INDIRECT("'"&P30&"'!I4:I"), INDIRECT("'"&P30&"'!J4:J"), 0, -1), 0)) -> 330 | N30: 19 | O30: =IF(N30="", 0, IFERROR(XLOOKUP(N30, INDIRECT("'"&P30&"'!M4:M"), INDIRECT("'"&P30&"'!N4:N"), 0, -1), 0)) -> 267 | P30: =IF(OR(F30="6",F30="5"),IF(E30="W","Punkte W 5-6","Punkte M 5-6"),IF(E30="W","Punkte W 7-9","Punkte M 7-9")) -> Punkte W 5-6 | Q30: =IF(E30="W","Noten-Matrix-Mädchen","Noten-Matrix-Jungen") -> Noten-Matrix-Mädchen | R30: =SUM(I30, K30, M30, O30) - MIN(I30, K30, M30, O30) -> 949 | S30: =IF(R30=0, "Keine Teilnahme", IFERROR(IF(R30>=VLOOKUP(G30&LOWER(E30), Formeln!$H$2:$K$30, 4, FALSE), "Ehrenurkunde", IF(R30>=VLOOKUP(G30&LOWER(E30), Formeln!$H$2:$K$30, 3, FALSE), "Siegerurkunde", "Teilnehmerurkunde")), "Keine Urkunde")) -> Ehrenurkunde | T30: =IF(R30=0, "Keine Teilnahme", IFERROR(XLOOKUP(R30, INDEX(INDIRECT("'"&Q30&"'!A:J"), 0, MATCH(G30, INDIRECT("'"&Q30&"'!A1:J1"), 0)), INDIRECT("'"&Q30&"'!A:A"), "Keine Note", -1), "Keine Note")) -> 1.3
A31: =IF(ASV_Daten!A34="","",ASV_Daten!A34) -> R5B | B31: =IF(ASV_Daten!B34="","",ASV_Daten!B34) -> Jammali | C31: =IF(ASV_Daten!C34="","",ASV_Daten!C34) -> Elias | D31: =IF(ASV_Daten!D34="","",ASV_Daten!D34) -> 2014 | E31: =IF(ASV_Daten!E34="","",ASV_Daten!E34) -> W | F31: =MID(A31,2,1) -> 5 | G31: =2026-D31 -> 12 | H31: 4.38 | I31: =IF(H31="", 0, IFERROR(XLOOKUP(H31, INDIRECT("'"&P31&"'!A4:A"), INDIRECT("'"&P31&"'!B4:B"), 0, 1), 0)) -> Punkte | K31: =IF(J31="", 0, IFERROR(XLOOKUP(J31, INDIRECT("'"&P31&"'!E4:E"), INDIRECT("'"&P31&"'!F4:F"), 0, 1), 0)) -> 0 | L31: 2.45 | M31: =IF(L31="", 0, IFERROR(XLOOKUP(L31, INDIRECT("'"&P31&"'!I4:I"), INDIRECT("'"&P31&"'!J4:J"), 0, -1), 0)) -> 226 | N31: 20.5 | O31: =IF(N31="", 0, IFERROR(XLOOKUP(N31, INDIRECT("'"&P31&"'!M4:M"), INDIRECT("'"&P31&"'!N4:N"), 0, -1), 0)) -> 286 | P31: =IF(OR(F31="6",F31="5"),IF(E31="W","Punkte W 5-6","Punkte M 5-6"),IF(E31="W","Punkte W 7-9","Punkte M 7-9")) -> Punkte W 5-6 | Q31: =IF(E31="W","Noten-Matrix-Mädchen","Noten-Matrix-Jungen") -> Noten-Matrix-Mädchen | R31: =SUM(I31, K31, M31, O31) - MIN(I31, K31, M31, O31) -> 512 | S31: =IF(R31=0, "Keine Teilnahme", IFERROR(IF(R31>=VLOOKUP(G31&LOWER(E31), Formeln!$H$2:$K$30, 4, FALSE), "Ehrenurkunde", IF(R31>=VLOOKUP(G31&LOWER(E31), Formeln!$H$2:$K$30, 3, FALSE), "Siegerurkunde", "Teilnehmerurkunde")), "Keine Urkunde")) -> Teilnehmerurkunde | T31: =IF(R31=0, "Keine Teilnahme", IFERROR(XLOOKUP(R31, INDEX(INDIRECT("'"&Q31&"'!A:J"), 0, MATCH(G31, INDIRECT("'"&Q31&"'!A1:J1"), 0)), INDIRECT("'"&Q31&"'!A:A"), "Keine Note", -1), "Keine Note")) -> NOTE
A32: =IF(ASV_Daten!A38="","",ASV_Daten!A38) -> R5B | B32: =IF(ASV_Daten!B38="","",ASV_Daten!B38) -> Omodion | C32: =IF(ASV_Daten!C38="","",ASV_Daten!C38) -> Grace | D32: =IF(ASV_Daten!D38="","",ASV_Daten!D38) -> 2014 | E32: =IF(ASV_Daten!E38="","",ASV_Daten!E38) -> W | F32: =MID(A32,2,1) -> 5 | G32: =2026-D32 -> 12 | I32: =IF(H32="", 0, IFERROR(XLOOKUP(H32, INDIRECT("'"&P32&"'!A4:A"), INDIRECT("'"&P32&"'!B4:B"), 0, 1), 0)) -> 0 | J32: 7.8 | K32: =IF(J32="", 0, IFERROR(XLOOKUP(J32, INDIRECT("'"&P32&"'!E4:E"), INDIRECT("'"&P32&"'!F4:F"), 0, 1), 0)) -> 389 | L32: 3.65 | M32: =IF(L32="", 0, IFERROR(XLOOKUP(L32, INDIRECT("'"&P32&"'!I4:I"), INDIRECT("'"&P32&"'!J4:J"), 0, -1), 0)) -> 392 | N32: 17.5 | O32: =IF(N32="", 0, IFERROR(XLOOKUP(N32, INDIRECT("'"&P32&"'!M4:M"), INDIRECT("'"&P32&"'!N4:N"), 0, -1), 0)) -> 247 | P32: =IF(OR(F32="6",F32="5"),IF(E32="W","Punkte W 5-6","Punkte M 5-6"),IF(E32="W","Punkte W 7-9","Punkte M 7-9")) -> Punkte W 5-6 | Q32: =IF(E32="W","Noten-Matrix-Mädchen","Noten-Matrix-Jungen") -> Noten-Matrix-Mädchen | R32: =SUM(I32, K32, M32, O32) - MIN(I32, K32, M32, O32) -> 1028 | S32: =IF(R32=0, "Keine Teilnahme", IFERROR(IF(R32>=VLOOKUP(G32&LOWER(E32), Formeln!$H$2:$K$30, 4, FALSE), "Ehrenurkunde", IF(R32>=VLOOKUP(G32&LOWER(E32), Formeln!$H$2:$K$30, 3, FALSE), "Siegerurkunde", "Teilnehmerurkunde")), "Keine Urkunde")) -> Ehrenurkunde | T32: =IF(R32=0, "Keine Teilnahme", IFERROR(XLOOKUP(R32, INDEX(INDIRECT("'"&Q32&"'!A:J"), 0, MATCH(G32, INDIRECT("'"&Q32&"'!A1:J1"), 0)), INDIRECT("'"&Q32&"'!A:A"), "Keine Note", -1), "Keine Note")) -> 1.3
A33: =IF(ASV_Daten!A43="","",ASV_Daten!A43) -> R5B | B33: =IF(ASV_Daten!B43="","",ASV_Daten!B43) -> Zabel | C33: =IF(ASV_Daten!C43="","",ASV_Daten!C43) -> Hendrik | D33: =IF(ASV_Daten!D43="","",ASV_Daten!D43) -> 2015 | E33: =IF(ASV_Daten!E43="","",ASV_Daten!E43) -> M | F33: =MID(A33,2,1) -> 5 | G33: =2026-D33 -> 11 | H33: 0.21527778 | I33: =IF(H33="", 0, IFERROR(XLOOKUP(H33, INDIRECT("'"&P33&"'!A4:A"), INDIRECT("'"&P33&"'!B4:B"), 0, 1), 0)) -> 174 | K33: =IF(J33="", 0, IFERROR(XLOOKUP(J33, INDIRECT("'"&P33&"'!E4:E"), INDIRECT("'"&P33&"'!F4:F"), 0, 1), 0)) -> 0 | L33: 2.81 | M33: =IF(L33="", 0, IFERROR(XLOOKUP(L33, INDIRECT("'"&P33&"'!I4:I"), INDIRECT("'"&P33&"'!J4:J"), 0, -1), 0)) -> 240 | N33: 25 | O33: =IF(N33="", 0, IFERROR(XLOOKUP(N33, INDIRECT("'"&P33&"'!M4:M"), INDIRECT("'"&P33&"'!N4:N"), 0, -1), 0)) -> 200 | P33: =IF(OR(F33="6",F33="5"),IF(E33="W","Punkte W 5-6","Punkte M 5-6"),IF(E33="W","Punkte W 7-9","Punkte M 7-9")) -> Punkte M 5-6 | Q33: =IF(E33="W","Noten-Matrix-Mädchen","Noten-Matrix-Jungen") -> Noten-Matrix-Jungen | R33: =SUM(I33, K33, M33, O33) - MIN(I33, K33, M33, O33) -> 614 | S33: =IF(R33=0, "Keine Teilnahme", IFERROR(IF(R33>=VLOOKUP(G33&LOWER(E33), Formeln!$H$2:$K$30, 4, FALSE), "Ehrenurkunde", IF(R33>=VLOOKUP(G33&LOWER(E33), Formeln!$H$2:$K$30, 3, FALSE), "Siegerurkunde", "Teilnehmerurkunde")), "Keine Urkunde")) -> Teilnehmerurkunde | T33: =IF(R33=0, "Keine Teilnahme", IFERROR(XLOOKUP(R33, INDEX(INDIRECT("'"&Q33&"'!A:J"), 0, MATCH(G33, INDIRECT("'"&Q33&"'!A1:J1"), 0)), INDIRECT("'"&Q33&"'!A:A"), "Keine Note", -1), "Keine Note")) -> 3.2
A34: =IF(ASV_Daten!A32="","",ASV_Daten!A32) -> R5B | B34: =IF(ASV_Daten!B32="","",ASV_Daten!B32) -> Gross | C34: =IF(ASV_Daten!C32="","",ASV_Daten!C32) -> Lea | D34: =IF(ASV_Daten!D32="","",ASV_Daten!D32) -> 2015 | E34: =IF(ASV_Daten!E32="","",ASV_Daten!E32) -> W | F34: =MID(A34,2,1) -> 5 | G34: =2026-D34 -> 11 | H34: 0.14097222 | I34: =IF(H34="", 0, IFERROR(XLOOKUP(H34, INDIRECT("'"&P34&"'!A4:A"), INDIRECT("'"&P34&"'!B4:B"), 0, 1), 0)) -> 293 | K34: =IF(J34="", 0, IFERROR(XLOOKUP(J34, INDIRECT("'"&P34&"'!E4:E"), INDIRECT("'"&P34&"'!F4:F"), 0, 1), 0)) -> 0 | L34: 3.29 | M34: =IF(L34="", 0, IFERROR(XLOOKUP(L34, INDIRECT("'"&P34&"'!I4:I"), INDIRECT("'"&P34&"'!J4:J"), 0, -1), 0)) -> 346 | N34: 20.5 | O34: =IF(N34="", 0, IFERROR(XLOOKUP(N34, INDIRECT("'"&P34&"'!M4:M"), INDIRECT("'"&P34&"'!N4:N"), 0, -1), 0)) -> 286 | P34: =IF(OR(F34="6",F34="5"),IF(E34="W","Punkte W 5-6","Punkte M 5-6"),IF(E34="W","Punkte W 7-9","Punkte M 7-9")) -> Punkte W 5-6 | Q34: =IF(E34="W","Noten-Matrix-Mädchen","Noten-Matrix-Jungen") -> Noten-Matrix-Mädchen | R34: =SUM(I34, K34, M34, O34) - MIN(I34, K34, M34, O34) -> 925 | S34: =IF(R34=0, "Keine Teilnahme", IFERROR(IF(R34>=VLOOKUP(G34&LOWER(E34), Formeln!$H$2:$K$30, 4, FALSE), "Ehrenurkunde", IF(R34>=VLOOKUP(G34&LOWER(E34), Formeln!$H$2:$K$30, 3, FALSE), "Siegerurkunde", "Teilnehmerurkunde")), "Keine Urkunde")) -> Ehrenurkunde | T34: =IF(R34=0, "Keine Teilnahme", IFERROR(XLOOKUP(R34, INDEX(INDIRECT("'"&Q34&"'!A:J"), 0, MATCH(G34, INDIRECT("'"&Q34&"'!A1:J1"), 0)), INDIRECT("'"&Q34&"'!A:A"), "Keine Note", -1), "Keine Note")) -> 1.4
A35: =IF(ASV_Daten!A29="","",ASV_Daten!A29) -> R5B | B35: =IF(ASV_Daten!B29="","",ASV_Daten!B29) -> Eidinger | C35: =IF(ASV_Daten!C29="","",ASV_Daten!C29) -> Leif | D35: =IF(ASV_Daten!D29="","",ASV_Daten!D29) -> 2014 | E35: =IF(ASV_Daten!E29="","",ASV_Daten!E29) -> M | F35: =MID(A35,2,1) -> 5 | G35: =2026-D35 -> 12 | I35: =IF(H35="", 0, IFERROR(XLOOKUP(H35, INDIRECT("'"&P35&"'!A4:A"), INDIRECT("'"&P35&"'!B4:B"), 0, 1), 0)) -> 0 | J35: 9.1 | K35: =IF(J35="", 0, IFERROR(XLOOKUP(J35, INDIRECT("'"&P35&"'!E4:E"), INDIRECT("'"&P35&"'!F4:F"), 0, 1), 0)) -> 226 | L35: 2.93 | M35: =IF(L35="", 0, IFERROR(XLOOKUP(L35, INDIRECT("'"&P35&"'!I4:I"), INDIRECT("'"&P35&"'!J4:J"), 0, -1), 0)) -> 256 | N35: 21 | O35: =IF(N35="", 0, IFERROR(XLOOKUP(N35, INDIRECT("'"&P35&"'!M4:M"), INDIRECT("'"&P35&"'!N4:N"), 0, -1), 0)) -> 162 | P35: =IF(OR(F35="6",F35="5"),IF(E35="W","Punkte W 5-6","Punkte M 5-6"),IF(E35="W","Punkte W 7-9","Punkte M 7-9")) -> Punkte M 5-6 | Q35: =IF(E35="W","Noten-Matrix-Mädchen","Noten-Matrix-Jungen") -> Noten-Matrix-Jungen | R35: =SUM(I35, K35, M35, O35) - MIN(I35, K35, M35, O35) -> 644 | S35: =IF(R35=0, "Keine Teilnahme", IFERROR(IF(R35>=VLOOKUP(G35&LOWER(E35), Formeln!$H$2:$K$30, 4, FALSE), "Ehrenurkunde", IF(R35>=VLOOKUP(G35&LOWER(E35), Formeln!$H$2:$K$30, 3, FALSE), "Siegerurkunde", "Teilnehmerurkunde")), "Keine Urkunde")) -> Teilnehmerurkunde | T35: =IF(R35=0, "Keine Teilnahme", IFERROR(XLOOKUP(R35, INDEX(INDIRECT("'"&Q35&"'!A:J"), 0, MATCH(G35, INDIRECT("'"&Q35&"'!A1:J1"), 0)), INDIRECT("'"&Q35&"'!A:A"), "Keine Note", -1), "Keine Note")) -> 3.5
A36: =IF(ASV_Daten!A35="","",ASV_Daten!A35) -> R5B | B36: =IF(ASV_Daten!B35="","",ASV_Daten!B35) -> Jordan | C36: =IF(ASV_Daten!C35="","",ASV_Daten!C35) -> Lena | D36: =IF(ASV_Daten!D35="","",ASV_Daten!D35) -> 2014 | E36: =IF(ASV_Daten!E35="","",ASV_Daten!E35) -> W | F36: =MID(A36,2,1) -> 5 | G36: =2026-D36 -> 12 | H36: 0.18194444 | I36: =IF(H36="", 0, IFERROR(XLOOKUP(H36, INDIRECT("'"&P36&"'!A4:A"), INDIRECT("'"&P36&"'!B4:B"), 0, 1), 0)) -> 155 | K36: =IF(J36="", 0, IFERROR(XLOOKUP(J36, INDIRECT("'"&P36&"'!E4:E"), INDIRECT("'"&P36&"'!F4:F"), 0, 1), 0)) -> 0 | L36: 2.37 | M36: =IF(L36="", 0, IFERROR(XLOOKUP(L36, INDIRECT("'"&P36&"'!I4:I"), INDIRECT("'"&P36&"'!J4:J"), 0, -1), 0)) -> 214 | N36: 9 | O36: =IF(N36="", 0, IFERROR(XLOOKUP(N36, INDIRECT("'"&P36&"'!M4:M"), INDIRECT("'"&P36&"'!N4:N"), 0, -1), 0)) -> 111 | P36: =IF(OR(F36="6",F36="5"),IF(E36="W","Punkte W 5-6","Punkte M 5-6"),IF(E36="W","Punkte W 7-9","Punkte M 7-9")) -> Punkte W 5-6 | Q36: =IF(E36="W","Noten-Matrix-Mädchen","Noten-Matrix-Jungen") -> Noten-Matrix-Mädchen | R36: =SUM(I36, K36, M36, O36) - MIN(I36, K36, M36, O36) -> 480 | S36: =IF(R36=0, "Keine Teilnahme", IFERROR(IF(R36>=VLOOKUP(G36&LOWER(E36), Formeln!$H$2:$K$30, 4, FALSE), "Ehrenurkunde", IF(R36>=VLOOKUP(G36&LOWER(E36), Formeln!$H$2:$K$30, 3, FALSE), "Siegerurkunde", "Teilnehmerurkunde")), "Keine Urkunde")) -> Teilnehmerurkunde | T36: =IF(R36=0, "Keine Teilnahme", IFERROR(XLOOKUP(R36, INDEX(INDIRECT("'"&Q36&"'!A:J"), 0, MATCH(G36, INDIRECT("'"&Q36&"'!A1:J1"), 0)), INDIRECT("'"&Q36&"'!A:A"), "Keine Note", -1), "Keine Note")) -> NOTE
A37: =IF(ASV_Daten!A31="","",ASV_Daten!A31) -> R5B | B37: =IF(ASV_Daten!B31="","",ASV_Daten!B31) -> Frisch | C37: =IF(ASV_Daten!C31="","",ASV_Daten!C31) -> Mattis | D37: =IF(ASV_Daten!D31="","",ASV_Daten!D31) -> 2014 | E37: =IF(ASV_Daten!E31="","",ASV_Daten!E31) -> M | F37: =MID(A37,2,1) -> 5 | G37: =2026-D37 -> 12 | I37: =IF(H37="", 0, IFERROR(XLOOKUP(H37, INDIRECT("'"&P37&"'!A4:A"), INDIRECT("'"&P37&"'!B4:B"), 0, 1), 0)) -> 0 | J37: 8.6 | K37: =IF(J37="", 0, IFERROR(XLOOKUP(J37, INDIRECT("'"&P37&"'!E4:E"), INDIRECT("'"&P37&"'!F4:F"), 0, 1), 0)) -> 270 | L37: 3.33 | M37: =IF(L37="", 0, IFERROR(XLOOKUP(L37, INDIRECT("'"&P37&"'!I4:I"), INDIRECT("'"&P37&"'!J4:J"), 0, -1), 0)) -> 308 | N37: 27 | O37: =IF(N37="", 0, IFERROR(XLOOKUP(N37, INDIRECT("'"&P37&"'!M4:M"), INDIRECT("'"&P37&"'!N4:N"), 0, -1), 0)) -> 217 | P37: =IF(OR(F37="6",F37="5"),IF(E37="W","Punkte W 5-6","Punkte M 5-6"),IF(E37="W","Punkte W 7-9","Punkte M 7-9")) -> Punkte M 5-6 | Q37: =IF(E37="W","Noten-Matrix-Mädchen","Noten-Matrix-Jungen") -> Noten-Matrix-Jungen | R37: =SUM(I37, K37, M37, O37) - MIN(I37, K37, M37, O37) -> 795 | S37: =IF(R37=0, "Keine Teilnahme", IFERROR(IF(R37>=VLOOKUP(G37&LOWER(E37), Formeln!$H$2:$K$30, 4, FALSE), "Ehrenurkunde", IF(R37>=VLOOKUP(G37&LOWER(E37), Formeln!$H$2:$K$30, 3, FALSE), "Siegerurkunde", "Teilnehmerurkunde")), "Keine Urkunde")) -> Siegerurkunde | T37: =IF(R37=0, "Keine Teilnahme", IFERROR(XLOOKUP(R37, INDEX(INDIRECT("'"&Q37&"'!A:J"), 0, MATCH(G37, INDIRECT("'"&Q37&"'!A1:J1"), 0)), INDIRECT("'"&Q37&"'!A:A"), "Keine Note", -1), "Keine Note")) -> 2.5
A38: =IF(ASV_Daten!A27="","",ASV_Daten!A27) -> R5B | B38: =IF(ASV_Daten!B27="","",ASV_Daten!B27) -> Babanin | C38: =IF(ASV_Daten!C27="","",ASV_Daten!C27) -> Michelle | D38: =IF(ASV_Daten!D27="","",ASV_Daten!D27) -> 2015 | E38: =IF(ASV_Daten!E27="","",ASV_Daten!E27) -> W | F38: =MID(A38,2,1) -> 5 | G38: =2026-D38 -> 11 | I38: =IF(H38="", 0, IFERROR(XLOOKUP(H38, INDIRECT("'"&P38&"'!A4:A"), INDIRECT("'"&P38&"'!B4:B"), 0, 1), 0)) -> 0 | J38: 7.7 | K38: =IF(J38="", 0, IFERROR(XLOOKUP(J38, INDIRECT("'"&P38&"'!E4:E"), INDIRECT("'"&P38&"'!F4:F"), 0, 1), 0)) -> 401 | L38: 3.53 | M38: =IF(L38="", 0, IFERROR(XLOOKUP(L38, INDIRECT("'"&P38&"'!I4:I"), INDIRECT("'"&P38&"'!J4:J"), 0, -1), 0)) -> 377 | N38: 27 | O38: =IF(N38="", 0, IFERROR(XLOOKUP(N38, INDIRECT("'"&P38&"'!M4:M"), INDIRECT("'"&P38&"'!N4:N"), 0, -1), 0)) -> 363 | P38: =IF(OR(F38="6",F38="5"),IF(E38="W","Punkte W 5-6","Punkte M 5-6"),IF(E38="W","Punkte W 7-9","Punkte M 7-9")) -> Punkte W 5-6 | Q38: =IF(E38="W","Noten-Matrix-Mädchen","Noten-Matrix-Jungen") -> Noten-Matrix-Mädchen | R38: =SUM(I38, K38, M38, O38) - MIN(I38, K38, M38, O38) -> 1141 | S38: =IF(R38=0, "Keine Teilnahme", IFERROR(IF(R38>=VLOOKUP(G38&LOWER(E38), Formeln!$H$2:$K$30, 4, FALSE), "Ehrenurkunde", IF(R38>=VLOOKUP(G38&LOWER(E38), Formeln!$H$2:$K$30, 3, FALSE), "Siegerurkunde", "Teilnehmerurkunde")), "Keine Urkunde")) -> Ehrenurkunde | T38: =IF(R38=0, "Keine Teilnahme", IFERROR(XLOOKUP(R38, INDEX(INDIRECT("'"&Q38&"'!A:J"), 0, MATCH(G38, INDIRECT("'"&Q38&"'!A1:J1"), 0)), INDIRECT("'"&Q38&"'!A:A"), "Keine Note", -1), "Keine Note")) -> 1
A39: =IF(ASV_Daten!A40="","",ASV_Daten!A40) -> R5B | B39: =IF(ASV_Daten!B40="","",ASV_Daten!B40) -> Saum | C39: =IF(ASV_Daten!C40="","",ASV_Daten!C40) -> Noela | D39: =IF(ASV_Daten!D40="","",ASV_Daten!D40) -> 2015 | E39: =IF(ASV_Daten!E40="","",ASV_Daten!E40) -> W | F39: =MID(A39,2,1) -> 5 | G39: =2026-D39 -> 11 | I39: =IF(H39="", 0, IFERROR(XLOOKUP(H39, INDIRECT("'"&P39&"'!A4:A"), INDIRECT("'"&P39&"'!B4:B"), 0, 1), 0)) -> 0 | J39: 9.6 | K39: =IF(J39="", 0, IFERROR(XLOOKUP(J39, INDIRECT("'"&P39&"'!E4:E"), INDIRECT("'"&P39&"'!F4:F"), 0, 1), 0)) -> 217 | L39: 2.81 | M39: =IF(L39="", 0, IFERROR(XLOOKUP(L39, INDIRECT("'"&P39&"'!I4:I"), INDIRECT("'"&P39&"'!J4:J"), 0, -1), 0)) -> 280 | N39: 16 | O39: =IF(N39="", 0, IFERROR(XLOOKUP(N39, INDIRECT("'"&P39&"'!M4:M"), INDIRECT("'"&P39&"'!N4:N"), 0, -1), 0)) -> 226 | P39: =IF(OR(F39="6",F39="5"),IF(E39="W","Punkte W 5-6","Punkte M 5-6"),IF(E39="W","Punkte W 7-9","Punkte M 7-9")) -> Punkte W 5-6 | Q39: =IF(E39="W","Noten-Matrix-Mädchen","Noten-Matrix-Jungen") -> Noten-Matrix-Mädchen | R39: =SUM(I39, K39, M39, O39) - MIN(I39, K39, M39, O39) -> 723 | S39: =IF(R39=0, "Keine Teilnahme", IFERROR(IF(R39>=VLOOKUP(G39&LOWER(E39), Formeln!$H$2:$K$30, 4, FALSE), "Ehrenurkunde", IF(R39>=VLOOKUP(G39&LOWER(E39), Formeln!$H$2:$K$30, 3, FALSE), "Siegerurkunde", "Teilnehmerurkunde")), "Keine Urkunde")) -> Siegerurkunde | T39: =IF(R39=0, "Keine Teilnahme", IFERROR(XLOOKUP(R39, INDEX(INDIRECT("'"&Q39&"'!A:J"), 0, MATCH(G39, INDIRECT("'"&Q39&"'!A1:J1"), 0)), INDIRECT("'"&Q39&"'!A:A"), "Keine Note", -1), "Keine Note")) -> 2.6
A40: =IF(ASV_Daten!A33="","",ASV_Daten!A33) -> R5B | B40: =IF(ASV_Daten!B33="","",ASV_Daten!B33) -> Hodroj | C40: =IF(ASV_Daten!C33="","",ASV_Daten!C33) -> Rahiel | D40: =IF(ASV_Daten!D33="","",ASV_Daten!D33) -> 2015 | E40: =IF(ASV_Daten!E33="","",ASV_Daten!E33) -> W | F40: =MID(A40,2,1) -> 5 | G40: =2026-D40 -> 11 | I40: =IF(H40="", 0, IFERROR(XLOOKUP(H40, INDIRECT("'"&P40&"'!A4:A"), INDIRECT("'"&P40&"'!B4:B"), 0, 1), 0)) -> 0 | J40: 9.1 | K40: =IF(J40="", 0, IFERROR(XLOOKUP(J40, INDIRECT("'"&P40&"'!E4:E"), INDIRECT("'"&P40&"'!F4:F"), 0, 1), 0)) -> 258 | L40: 2.77 | M40: =IF(L40="", 0, IFERROR(XLOOKUP(L40, INDIRECT("'"&P40&"'!I4:I"), INDIRECT("'"&P40&"'!J4:J"), 0, -1), 0)) -> 274 | N40: 14 | O40: =IF(N40="", 0, IFERROR(XLOOKUP(N40, INDIRECT("'"&P40&"'!M4:M"), INDIRECT("'"&P40&"'!N4:N"), 0, -1), 0)) -> 196 | P40: =IF(OR(F40="6",F40="5"),IF(E40="W","Punkte W 5-6","Punkte M 5-6"),IF(E40="W","Punkte W 7-9","Punkte M 7-9")) -> Punkte W 5-6 | Q40: =IF(E40="W","Noten-Matrix-Mädchen","Noten-Matrix-Jungen") -> Noten-Matrix-Mädchen | R40: =SUM(I40, K40, M40, O40) - MIN(I40, K40, M40, O40) -> 728 | S40: =IF(R40=0, "Keine Teilnahme", IFERROR(IF(R40>=VLOOKUP(G40&LOWER(E40), Formeln!$H$2:$K$30, 4, FALSE), "Ehrenurkunde", IF(R40>=VLOOKUP(G40&LOWER(E40), Formeln!$H$2:$K$30, 3, FALSE), "Siegerurkunde", "Teilnehmerurkunde")), "Keine Urkunde")) -> Siegerurkunde | T40: =IF(R40=0, "Keine Teilnahme", IFERROR(XLOOKUP(R40, INDEX(INDIRECT("'"&Q40&"'!A:J"), 0, MATCH(G40, INDIRECT("'"&Q40&"'!A1:J1"), 0)), INDIRECT("'"&Q40&"'!A:A"), "Keine Note", -1), "Keine Note")) -> 2.6
A41: =IF(ASV_Daten!A41="","",ASV_Daten!A41) -> R5B | B41: =IF(ASV_Daten!B41="","",ASV_Daten!B41) -> Schwär | C41: =IF(ASV_Daten!C41="","",ASV_Daten!C41) -> Sebastian | D41: =IF(ASV_Daten!D41="","",ASV_Daten!D41) -> 2015 | E41: =IF(ASV_Daten!E41="","",ASV_Daten!E41) -> M | F41: =MID(A41,2,1) -> 5 | G41: =2026-D41 -> 11 | H41: 0.15625 | I41: =IF(H41="", 0, IFERROR(XLOOKUP(H41, INDIRECT("'"&P41&"'!A4:A"), INDIRECT("'"&P41&"'!B4:B"), 0, 1), 0)) -> 377 | K41: =IF(J41="", 0, IFERROR(XLOOKUP(J41, INDIRECT("'"&P41&"'!E4:E"), INDIRECT("'"&P41&"'!F4:F"), 0, 1), 0)) -> 0 | L41: 3.17 | M41: =IF(L41="", 0, IFERROR(XLOOKUP(L41, INDIRECT("'"&P41&"'!I4:I"), INDIRECT("'"&P41&"'!J4:J"), 0, -1), 0)) -> 287 | N41: 24 | O41: =IF(N41="", 0, IFERROR(XLOOKUP(N41, INDIRECT("'"&P41&"'!M4:M"), INDIRECT("'"&P41&"'!N4:N"), 0, -1), 0)) -> 190 | P41: =IF(OR(F41="6",F41="5"),IF(E41="W","Punkte W 5-6","Punkte M 5-6"),IF(E41="W","Punkte W 7-9","Punkte M 7-9")) -> Punkte M 5-6 | Q41: =IF(E41="W","Noten-Matrix-Mädchen","Noten-Matrix-Jungen") -> Noten-Matrix-Jungen | R41: =SUM(I41, K41, M41, O41) - MIN(I41, K41, M41, O41) -> 854 | S41: =IF(R41=0, "Keine Teilnahme", IFERROR(IF(R41>=VLOOKUP(G41&LOWER(E41), Formeln!$H$2:$K$30, 4, FALSE), "Ehrenurkunde", IF(R41>=VLOOKUP(G41&LOWER(E41), Formeln!$H$2:$K$30, 3, FALSE), "Siegerurkunde", "Teilnehmerurkunde")), "Keine Urkunde")) -> Siegerurkunde | T41: =IF(R41=0, "Keine Teilnahme", IFERROR(XLOOKUP(R41, INDEX(INDIRECT("'"&Q41&"'!A:J"), 0, MATCH(G41, INDIRECT("'"&Q41&"'!A1:J1"), 0)), INDIRECT("'"&Q41&"'!A:A"), "Keine Note", -1), "Keine Note")) -> 1.7
A42: =IF(ASV_Daten!A30="","",ASV_Daten!A30) -> R5B | B42: =IF(ASV_Daten!B30="","",ASV_Daten!B30) -> Fischer | C42: =IF(ASV_Daten!C30="","",ASV_Daten!C30) -> Stefanie | D42: =IF(ASV_Daten!D30="","",ASV_Daten!D30) -> 2015 | E42: =IF(ASV_Daten!E30="","",ASV_Daten!E30) -> W | F42: =MID(A42,2,1) -> 5 | G42: =2026-D42 -> 11 | H42: 0.19375 | I42: =IF(H42="", 0, IFERROR(XLOOKUP(H42, INDIRECT("'"&P42&"'!A4:A"), INDIRECT("'"&P42&"'!B4:B"), 0, 1), 0)) -> 130 | K42: =IF(J42="", 0, IFERROR(XLOOKUP(J42, INDIRECT("'"&P42&"'!E4:E"), INDIRECT("'"&P42&"'!F4:F"), 0, 1), 0)) -> 0 | L42: 2.85 | M42: =IF(L42="", 0, IFERROR(XLOOKUP(L42, INDIRECT("'"&P42&"'!I4:I"), INDIRECT("'"&P42&"'!J4:J"), 0, -1), 0)) -> 285 | N42: 13.5 | O42: =IF(N42="", 0, IFERROR(XLOOKUP(N42, INDIRECT("'"&P42&"'!M4:M"), INDIRECT("'"&P42&"'!N4:N"), 0, -1), 0)) -> 188 | P42: =IF(OR(F42="6",F42="5"),IF(E42="W","Punkte W 5-6","Punkte M 5-6"),IF(E42="W","Punkte W 7-9","Punkte M 7-9")) -> Punkte W 5-6 | Q42: =IF(E42="W","Noten-Matrix-Mädchen","Noten-Matrix-Jungen") -> Noten-Matrix-Mädchen | R42: =SUM(I42, K42, M42, O42) - MIN(I42, K42, M42, O42) -> 603 | S42: =IF(R42=0, "Keine Teilnahme", IFERROR(IF(R42>=VLOOKUP(G42&LOWER(E42), Formeln!$H$2:$K$30, 4, FALSE), "Ehrenurkunde", IF(R42>=VLOOKUP(G42&LOWER(E42), Formeln!$H$2:$K$30, 3, FALSE), "Siegerurkunde", "Teilnehmerurkunde")), "Keine Urkunde")) -> Teilnehmerurkunde | T42: =IF(R42=0, "Keine Teilnahme", IFERROR(XLOOKUP(R42, INDEX(INDIRECT("'"&Q42&"'!A:J"), 0, MATCH(G42, INDIRECT("'"&Q42&"'!A1:J1"), 0)), INDIRECT("'"&Q42&"'!A:A"), "Keine Note", -1), "Keine Note")) -> 3.4
A43: =IF(ASV_Daten!A39="","",ASV_Daten!A39) -> R5B | B43: =IF(ASV_Daten!B39="","",ASV_Daten!B39) -> Postaci | C43: =IF(ASV_Daten!C39="","",ASV_Daten!C39) -> Tuana | D43: =IF(ASV_Daten!D39="","",ASV_Daten!D39) -> 2014 | E43: =IF(ASV_Daten!E39="","",ASV_Daten!E39) -> W | F43: =MID(A43,2,1) -> 5 | G43: =2026-D43 -> 12 | H43: 0.19375 | I43: =IF(H43="", 0, IFERROR(XLOOKUP(H43, INDIRECT("'"&P43&"'!A4:A"), INDIRECT("'"&P43&"'!B4:B"), 0, 1), 0)) -> 130 | K43: =IF(J43="", 0, IFERROR(XLOOKUP(J43, INDIRECT("'"&P43&"'!E4:E"), INDIRECT("'"&P43&"'!F4:F"), 0, 1), 0)) -> 0 | L43: 2.37 | M43: =IF(L43="", 0, IFERROR(XLOOKUP(L43, INDIRECT("'"&P43&"'!I4:I"), INDIRECT("'"&P43&"'!J4:J"), 0, -1), 0)) -> 214 | N43: 19.5 | O43: =IF(N43="", 0, IFERROR(XLOOKUP(N43, INDIRECT("'"&P43&"'!M4:M"), INDIRECT("'"&P43&"'!N4:N"), 0, -1), 0)) -> 273 | P43: =IF(OR(F43="6",F43="5"),IF(E43="W","Punkte W 5-6","Punkte M 5-6"),IF(E43="W","Punkte W 7-9","Punkte M 7-9")) -> Punkte W 5-6 | Q43: =IF(E43="W","Noten-Matrix-Mädchen","Noten-Matrix-Jungen") -> Noten-Matrix-Mädchen | R43: =SUM(I43, K43, M43, O43) - MIN(I43, K43, M43, O43) -> 617 | S43: =IF(R43=0, "Keine Teilnahme", IFERROR(IF(R43>=VLOOKUP(G43&LOWER(E43), Formeln!$H$2:$K$30, 4, FALSE), "Ehrenurkunde", IF(R43>=VLOOKUP(G43&LOWER(E43), Formeln!$H$2:$K$30, 3, FALSE), "Siegerurkunde", "Teilnehmerurkunde")), "Keine Urkunde")) -> Teilnehmerurkunde | T43: =IF(R43=0, "Keine Teilnahme", IFERROR(XLOOKUP(R43, INDEX(INDIRECT("'"&Q43&"'!A:J"), 0, MATCH(G43, INDIRECT("'"&Q43&"'!A1:J1"), 0)), INDIRECT("'"&Q43&"'!A:A"), "Keine Note", -1), "Keine Note")) -> 3.9
A44: =IF(ASV_Daten!A59="","",ASV_Daten!A59) -> R5C | B44: =IF(ASV_Daten!B59="","",ASV_Daten!B59) -> Schmidt | C44: =IF(ASV_Daten!C59="","",ASV_Daten!C59) -> Anton | D44: =IF(ASV_Daten!D59="","",ASV_Daten!D59) -> 2015 | E44: =IF(ASV_Daten!E59="","",ASV_Daten!E59) -> M | F44: =MID(A44,2,1) -> 5 | G44: =2026-D44 -> 11 | I44: =IF(H44="", 0, IFERROR(XLOOKUP(H44, INDIRECT("'"&P44&"'!A4:A"), INDIRECT("'"&P44&"'!B4:B"), 0, 1), 0)) -> 0 | J44: 7.8 | K44: =IF(J44="", 0, IFERROR(XLOOKUP(J44, INDIRECT("'"&P44&"'!E4:E"), INDIRECT("'"&P44&"'!F4:F"), 0, 1), 0)) -> 352 | L44: 3.57 | M44: =IF(L44="", 0, IFERROR(XLOOKUP(L44, INDIRECT("'"&P44&"'!I4:I"), INDIRECT("'"&P44&"'!J4:J"), 0, -1), 0)) -> 337 | N44: 27 | O44: =IF(N44="", 0, IFERROR(XLOOKUP(N44, INDIRECT("'"&P44&"'!M4:M"), INDIRECT("'"&P44&"'!N4:N"), 0, -1), 0)) -> 217 | P44: =IF(OR(F44="6",F44="5"),IF(E44="W","Punkte W 5-6","Punkte M 5-6"),IF(E44="W","Punkte W 7-9","Punkte M 7-9")) -> Punkte M 5-6 | Q44: =IF(E44="W","Noten-Matrix-Mädchen","Noten-Matrix-Jungen") -> Noten-Matrix-Jungen | R44: =SUM(I44, K44, M44, O44) - MIN(I44, K44, M44, O44) -> 906 | S44: =IF(R44=0, "Keine Teilnahme", IFERROR(IF(R44>=VLOOKUP(G44&LOWER(E44), Formeln!$H$2:$K$30, 4, FALSE), "Ehrenurkunde", IF(R44>=VLOOKUP(G44&LOWER(E44), Formeln!$H$2:$K$30, 3, FALSE), "Siegerurkunde", "Teilnehmerurkunde")), "Keine Urkunde")) -> Ehrenurkunde | T44: =IF(R44=0, "Keine Teilnahme", IFERROR(XLOOKUP(R44, INDEX(INDIRECT("'"&Q44&"'!A:J"), 0, MATCH(G44, INDIRECT("'"&Q44&"'!A1:J1"), 0)), INDIRECT("'"&Q44&"'!A:A"), "Keine Note", -1), "Keine Note")) -> 1.4
A45: =IF(ASV_Daten!A66="","",ASV_Daten!A66) -> R5C | B45: =IF(ASV_Daten!B66="","",ASV_Daten!B66) -> Vogelbacher | C45: =IF(ASV_Daten!C66="","",ASV_Daten!C66) -> Bruno | D45: =IF(ASV_Daten!D66="","",ASV_Daten!D66) -> 2015 | E45: =IF(ASV_Daten!E66="","",ASV_Daten!E66) -> M | F45: =MID(A45,2,1) -> 5 | G45: =2026-D45 -> 11 | I45: =IF(H45="", 0, IFERROR(XLOOKUP(H45, INDIRECT("'"&P45&"'!A4:A"), INDIRECT("'"&P45&"'!B4:B"), 0, 1), 0)) -> 0 | J45: 9.6 | K45: =IF(J45="", 0, IFERROR(XLOOKUP(J45, INDIRECT("'"&P45&"'!E4:E"), INDIRECT("'"&P45&"'!F4:F"), 0, 1), 0)) -> 187 | L45: 2.61 | M45: =IF(L45="", 0, IFERROR(XLOOKUP(L45, INDIRECT("'"&P45&"'!I4:I"), INDIRECT("'"&P45&"'!J4:J"), 0, -1), 0)) -> 212 | N45: 22.5 | O45: =IF(N45="", 0, IFERROR(XLOOKUP(N45, INDIRECT("'"&P45&"'!M4:M"), INDIRECT("'"&P45&"'!N4:N"), 0, -1), 0)) -> 176 | P45: =IF(OR(F45="6",F45="5"),IF(E45="W","Punkte W 5-6","Punkte M 5-6"),IF(E45="W","Punkte W 7-9","Punkte M 7-9")) -> Punkte M 5-6 | Q45: =IF(E45="W","Noten-Matrix-Mädchen","Noten-Matrix-Jungen") -> Noten-Matrix-Jungen | R45: =SUM(I45, K45, M45, O45) - MIN(I45, K45, M45, O45) -> 575 | S45: =IF(R45=0, "Keine Teilnahme", IFERROR(IF(R45>=VLOOKUP(G45&LOWER(E45), Formeln!$H$2:$K$30, 4, FALSE), "Ehrenurkunde", IF(R45>=VLOOKUP(G45&LOWER(E45), Formeln!$H$2:$K$30, 3, FALSE), "Siegerurkunde", "Teilnehmerurkunde")), "Keine Urkunde")) -> Teilnehmerurkunde | T45: =IF(R45=0, "Keine Teilnahme", IFERROR(XLOOKUP(R45, INDEX(INDIRECT("'"&Q45&"'!A:J"), 0, MATCH(G45, INDIRECT("'"&Q45&"'!A1:J1"), 0)), INDIRECT("'"&Q45&"'!A:A"), "Keine Note", -1), "Keine Note")) -> 3.4
A46: =IF(ASV_Daten!A53="","",ASV_Daten!A53) -> R5C | B46: =IF(ASV_Daten!B53="","",ASV_Daten!B53) -> Knöpfle | C46: =IF(ASV_Daten!C53="","",ASV_Daten!C53) -> David | D46: =IF(ASV_Daten!D53="","",ASV_Daten!D53) -> 2014 | E46: =IF(ASV_Daten!E53="","",ASV_Daten!E53) -> M | F46: =MID(A46,2,1) -> 5 | G46: =2026-D46 -> 12 | I46: =IF(H46="", 0, IFERROR(XLOOKUP(H46, INDIRECT("'"&P46&"'!A4:A"), INDIRECT("'"&P46&"'!B4:B"), 0, 1), 0)) -> 0 | J46: 8.6 | K46: =IF(J46="", 0, IFERROR(XLOOKUP(J46, INDIRECT("'"&P46&"'!E4:E"), INDIRECT("'"&P46&"'!F4:F"), 0, 1), 0)) -> 270 | L46: 3.81 | M46: =IF(L46="", 0, IFERROR(XLOOKUP(L46, INDIRECT("'"&P46&"'!I4:I"), INDIRECT("'"&P46&"'!J4:J"), 0, -1), 0)) -> 366 | N46: 24 | O46: =IF(N46="", 0, IFERROR(XLOOKUP(N46, INDIRECT("'"&P46&"'!M4:M"), INDIRECT("'"&P46&"'!N4:N"), 0, -1), 0)) -> 190 | P46: =IF(OR(F46="6",F46="5"),IF(E46="W","Punkte W 5-6","Punkte M 5-6"),IF(E46="W","Punkte W 7-9","Punkte M 7-9")) -> Punkte M 5-6 | Q46: =IF(E46="W","Noten-Matrix-Mädchen","Noten-Matrix-Jungen") -> Noten-Matrix-Jungen | R46: =SUM(I46, K46, M46, O46) - MIN(I46, K46, M46, O46) -> 826 | S46: =IF(R46=0, "Keine Teilnahme", IFERROR(IF(R46>=VLOOKUP(G46&LOWER(E46), Formeln!$H$2:$K$30, 4, FALSE), "Ehrenurkunde", IF(R46>=VLOOKUP(G46&LOWER(E46), Formeln!$H$2:$K$30, 3, FALSE), "Siegerurkunde", "Teilnehmerurkunde")), "Keine Urkunde")) -> Siegerurkunde | T46: =IF(R46=0, "Keine Teilnahme", IFERROR(XLOOKUP(R46, INDEX(INDIRECT("'"&Q46&"'!A:J"), 0, MATCH(G46, INDIRECT("'"&Q46&"'!A1:J1"), 0)), INDIRECT("'"&Q46&"'!A:A"), "Keine Note", -1), "Keine Note")) -> 2.3
A47: =IF(ASV_Daten!A45="","",ASV_Daten!A45) -> R5C | B47: =IF(ASV_Daten!B45="","",ASV_Daten!B45) -> Baum | C47: =IF(ASV_Daten!C45="","",ASV_Daten!C45) -> Davina | D47: =IF(ASV_Daten!D45="","",ASV_Daten!D45) -> 2015 | E47: =IF(ASV_Daten!E45="","",ASV_Daten!E45) -> W | F47: =MID(A47,2,1) -> 5 | G47: =2026-D47 -> 11 | I47: =IF(H47="", 0, IFERROR(XLOOKUP(H47, INDIRECT("'"&P47&"'!A4:A"), INDIRECT("'"&P47&"'!B4:B"), 0, 1), 0)) -> 0 | J47: 9.1 | K47: =IF(J47="", 0, IFERROR(XLOOKUP(J47, INDIRECT("'"&P47&"'!E4:E"), INDIRECT("'"&P47&"'!F4:F"), 0, 1), 0)) -> 258 | L47: 3.09 | M47: =IF(L47="", 0, IFERROR(XLOOKUP(L47, INDIRECT("'"&P47&"'!I4:I"), INDIRECT("'"&P47&"'!J4:J"), 0, -1), 0)) -> 319 | N47: 15 | O47: =IF(N47="", 0, IFERROR(XLOOKUP(N47, INDIRECT("'"&P47&"'!M4:M"), INDIRECT("'"&P47&"'!N4:N"), 0, -1), 0)) -> 211 | P47: =IF(OR(F47="6",F47="5"),IF(E47="W","Punkte W 5-6","Punkte M 5-6"),IF(E47="W","Punkte W 7-9","Punkte M 7-9")) -> Punkte W 5-6 | Q47: =IF(E47="W","Noten-Matrix-Mädchen","Noten-Matrix-Jungen") -> Noten-Matrix-Mädchen | R47: =SUM(I47, K47, M47, O47) - MIN(I47, K47, M47, O47) -> 788 | S47: =IF(R47=0, "Keine Teilnahme", IFERROR(IF(R47>=VLOOKUP(G47&LOWER(E47), Formeln!$H$2:$K$30, 4, FALSE), "Ehrenurkunde", IF(R47>=VLOOKUP(G47&LOWER(E47), Formeln!$H$2:$K$30, 3, FALSE), "Siegerurkunde", "Teilnehmerurkunde")), "Keine Urkunde")) -> Siegerurkunde | T47: =IF(R47=0, "Keine Teilnahme", IFERROR(XLOOKUP(R47, INDEX(INDIRECT("'"&Q47&"'!A:J"), 0, MATCH(G47, INDIRECT("'"&Q47&"'!A1:J1"), 0)), INDIRECT("'"&Q47&"'!A:A"), "Keine Note", -1), "Keine Note")) -> 2.2
A48: =IF(ASV_Daten!A48="","",ASV_Daten!A48) -> R5C | B48: =IF(ASV_Daten!B48="","",ASV_Daten!B48) -> Böhm | C48: =IF(ASV_Daten!C48="","",ASV_Daten!C48) -> Denny | D48: =IF(ASV_Daten!D48="","",ASV_Daten!D48) -> 2014 | E48: =IF(ASV_Daten!E48="","",ASV_Daten!E48) -> M | F48: =MID(A48,2,1) -> 5 | G48: =2026-D48 -> 12 | I48: =IF(H48="", 0, IFERROR(XLOOKUP(H48, INDIRECT("'"&P48&"'!A4:A"), INDIRECT("'"&P48&"'!B4:B"), 0, 1), 0)) -> 0 | J48: 9 | K48: =IF(J48="", 0, IFERROR(XLOOKUP(J48, INDIRECT("'"&P48&"'!E4:E"), INDIRECT("'"&P48&"'!F4:F"), 0, 1), 0)) -> 234 | L48: 2.69 | M48: =IF(L48="", 0, IFERROR(XLOOKUP(L48, INDIRECT("'"&P48&"'!I4:I"), INDIRECT("'"&P48&"'!J4:J"), 0, -1), 0)) -> 223 | N48: 16 | O48: =IF(N48="", 0, IFERROR(XLOOKUP(N48, INDIRECT("'"&P48&"'!M4:M"), INDIRECT("'"&P48&"'!N4:N"), 0, -1), 0)) -> 109 | P48: =IF(OR(F48="6",F48="5"),IF(E48="W","Punkte W 5-6","Punkte M 5-6"),IF(E48="W","Punkte W 7-9","Punkte M 7-9")) -> Punkte M 5-6 | Q48: =IF(E48="W","Noten-Matrix-Mädchen","Noten-Matrix-Jungen") -> Noten-Matrix-Jungen | R48: =SUM(I48, K48, M48, O48) - MIN(I48, K48, M48, O48) -> 566 | S48: =IF(R48=0, "Keine Teilnahme", IFERROR(IF(R48>=VLOOKUP(G48&LOWER(E48), Formeln!$H$2:$K$30, 4, FALSE), "Ehrenurkunde", IF(R48>=VLOOKUP(G48&LOWER(E48), Formeln!$H$2:$K$30, 3, FALSE), "Siegerurkunde", "Teilnehmerurkunde")), "Keine Urkunde")) -> Teilnehmerurkunde | T48: =IF(R48=0, "Keine Teilnahme", IFERROR(XLOOKUP(R48, INDEX(INDIRECT("'"&Q48&"'!A:J"), 0, MATCH(G48, INDIRECT("'"&Q48&"'!A1:J1"), 0)), INDIRECT("'"&Q48&"'!A:A"), "Keine Note", -1), "Keine Note")) -> 4.2
A49: =IF(ASV_Daten!A51="","",ASV_Daten!A51) -> R5C | B49: =IF(ASV_Daten!B51="","",ASV_Daten!B51) -> Kleiser | C49: =IF(ASV_Daten!C51="","",ASV_Daten!C51) -> Elisa | D49: =IF(ASV_Daten!D51="","",ASV_Daten!D51) -> 2014 | E49: =IF(ASV_Daten!E51="","",ASV_Daten!E51) -> W | F49: =MID(A49,2,1) -> 5 | G49: =2026-D49 -> 12 | I49: =IF(H49="", 0, IFERROR(XLOOKUP(H49, INDIRECT("'"&P49&"'!A4:A"), INDIRECT("'"&P49&"'!B4:B"), 0, 1), 0)) -> 0 | J49: 8.8 | K49: =IF(J49="", 0, IFERROR(XLOOKUP(J49, INDIRECT("'"&P49&"'!E4:E"), INDIRECT("'"&P49&"'!F4:F"), 0, 1), 0)) -> 285 | L49: 2.97 | M49: =IF(L49="", 0, IFERROR(XLOOKUP(L49, INDIRECT("'"&P49&"'!I4:I"), INDIRECT("'"&P49&"'!J4:J"), 0, -1), 0)) -> 302 | N49: 20.5 | O49: =IF(N49="", 0, IFERROR(XLOOKUP(N49, INDIRECT("'"&P49&"'!M4:M"), INDIRECT("'"&P49&"'!N4:N"), 0, -1), 0)) -> 286 | P49: =IF(OR(F49="6",F49="5"),IF(E49="W","Punkte W 5-6","Punkte M 5-6"),IF(E49="W","Punkte W 7-9","Punkte M 7-9")) -> Punkte W 5-6 | Q49: =IF(E49="W","Noten-Matrix-Mädchen","Noten-Matrix-Jungen") -> Noten-Matrix-Mädchen | R49: =SUM(I49, K49, M49, O49) - MIN(I49, K49, M49, O49) -> 873 | S49: =IF(R49=0, "Keine Teilnahme", IFERROR(IF(R49>=VLOOKUP(G49&LOWER(E49), Formeln!$H$2:$K$30, 4, FALSE), "Ehrenurkunde", IF(R49>=VLOOKUP(G49&LOWER(E49), Formeln!$H$2:$K$30, 3, FALSE), "Siegerurkunde", "Teilnehmerurkunde")), "Keine Urkunde")) -> Siegerurkunde | T49: =IF(R49=0, "Keine Teilnahme", IFERROR(XLOOKUP(R49, INDEX(INDIRECT("'"&Q49&"'!A:J"), 0, MATCH(G49, INDIRECT("'"&Q49&"'!A1:J1"), 0)), INDIRECT("'"&Q49&"'!A:A"), "Keine Note", -1), "Keine Note")) -> 2.1
A50: =IF(ASV_Daten!A44="","",ASV_Daten!A44) -> R5C | B50: =IF(ASV_Daten!B44="","",ASV_Daten!B44) -> Augustin | C50: =IF(ASV_Daten!C44="","",ASV_Daten!C44) -> Emely | D50: =IF(ASV_Daten!D44="","",ASV_Daten!D44) -> 2014 | E50: =IF(ASV_Daten!E44="","",ASV_Daten!E44) -> W | F50: =MID(A50,2,1) -> 5 | G50: =2026-D50 -> 12 | I50: =IF(H50="", 0, IFERROR(XLOOKUP(H50, INDIRECT("'"&P50&"'!A4:A"), INDIRECT("'"&P50&"'!B4:B"), 0, 1), 0)) -> 0 | J50: 10.3 | K50: =IF(J50="", 0, IFERROR(XLOOKUP(J50, INDIRECT("'"&P50&"'!E4:E"), INDIRECT("'"&P50&"'!F4:F"), 0, 1), 0)) -> 166 | L50: 2.37 | M50: =IF(L50="", 0, IFERROR(XLOOKUP(L50, INDIRECT("'"&P50&"'!I4:I"), INDIRECT("'"&P50&"'!J4:J"), 0, -1), 0)) -> 214 | N50: 11.5 | O50: =IF(N50="", 0, IFERROR(XLOOKUP(N50, INDIRECT("'"&P50&"'!M4:M"), INDIRECT("'"&P50&"'!N4:N"), 0, -1), 0)) -> 156 | P50: =IF(OR(F50="6",F50="5"),IF(E50="W","Punkte W 5-6","Punkte M 5-6"),IF(E50="W","Punkte W 7-9","Punkte M 7-9")) -> Punkte W 5-6 | Q50: =IF(E50="W","Noten-Matrix-Mädchen","Noten-Matrix-Jungen") -> Noten-Matrix-Mädchen | R50: =SUM(I50, K50, M50, O50) - MIN(I50, K50, M50, O50) -> 536 | S50: =IF(R50=0, "Keine Teilnahme", IFERROR(IF(R50>=VLOOKUP(G50&LOWER(E50), Formeln!$H$2:$K$30, 4, FALSE), "Ehrenurkunde", IF(R50>=VLOOKUP(G50&LOWER(E50), Formeln!$H$2:$K$30, 3, FALSE), "Siegerurkunde", "Teilnehmerurkunde")), "Keine Urkunde")) -> Teilnehmerurkunde | T50: =IF(R50=0, "Keine Teilnahme", IFERROR(XLOOKUP(R50, INDEX(INDIRECT("'"&Q50&"'!A:J"), 0, MATCH(G50, INDIRECT("'"&Q50&"'!A1:J1"), 0)), INDIRECT("'"&Q50&"'!A:A"), "Keine Note", -1), "Keine Note")) -> NOTE
A51: =IF(ASV_Daten!A46="","",ASV_Daten!A46) -> R5C | B51: =IF(ASV_Daten!B46="","",ASV_Daten!B46) -> Benz | C51: =IF(ASV_Daten!C46="","",ASV_Daten!C46) -> Felix | D51: =IF(ASV_Daten!D46="","",ASV_Daten!D46) -> 2014 | E51: =IF(ASV_Daten!E46="","",ASV_Daten!E46) -> M | F51: =MID(A51,2,1) -> 5 | G51: =2026-D51 -> 12 | I51: =IF(H51="", 0, IFERROR(XLOOKUP(H51, INDIRECT("'"&P51&"'!A4:A"), INDIRECT("'"&P51&"'!B4:B"), 0, 1), 0)) -> 0 | J51: 8.2 | K51: =IF(J51="", 0, IFERROR(XLOOKUP(J51, INDIRECT("'"&P51&"'!E4:E"), INDIRECT("'"&P51&"'!F4:F"), 0, 1), 0)) -> 309 | L51: 3.57 | M51: =IF(L51="", 0, IFERROR(XLOOKUP(L51, INDIRECT("'"&P51&"'!I4:I"), INDIRECT("'"&P51&"'!J4:J"), 0, -1), 0)) -> 337 | N51: 26 | O51: =IF(N51="", 0, IFERROR(XLOOKUP(N51, INDIRECT("'"&P51&"'!M4:M"), INDIRECT("'"&P51&"'!N4:N"), 0, -1), 0)) -> 209 | P51: =IF(OR(F51="6",F51="5"),IF(E51="W","Punkte W 5-6","Punkte M 5-6"),IF(E51="W","Punkte W 7-9","Punkte M 7-9")) -> Punkte M 5-6 | Q51: =IF(E51="W","Noten-Matrix-Mädchen","Noten-Matrix-Jungen") -> Noten-Matrix-Jungen | R51: =SUM(I51, K51, M51, O51) - MIN(I51, K51, M51, O51) -> 855 | S51: =IF(R51=0, "Keine Teilnahme", IFERROR(IF(R51>=VLOOKUP(G51&LOWER(E51), Formeln!$H$2:$K$30, 4, FALSE), "Ehrenurkunde", IF(R51>=VLOOKUP(G51&LOWER(E51), Formeln!$H$2:$K$30, 3, FALSE), "Siegerurkunde", "Teilnehmerurkunde")), "Keine Urkunde")) -> Siegerurkunde | T51: =IF(R51=0, "Keine Teilnahme", IFERROR(XLOOKUP(R51, INDEX(INDIRECT("'"&Q51&"'!A:J"), 0, MATCH(G51, INDIRECT("'"&Q51&"'!A1:J1"), 0)), INDIRECT("'"&Q51&"'!A:A"), "Keine Note", -1), "Keine Note")) -> 2.2
A52: =IF(ASV_Daten!A50="","",ASV_Daten!A50) -> R5C | B52: =IF(ASV_Daten!B50="","",ASV_Daten!B50) -> Jarusch | C52: =IF(ASV_Daten!C50="","",ASV_Daten!C50) -> Gabriel | D52: =IF(ASV_Daten!D50="","",ASV_Daten!D50) -> 2015 | E52: =IF(ASV_Daten!E50="","",ASV_Daten!E50) -> M | F52: =MID(A52,2,1) -> 5 | G52: =2026-D52 -> 11 | I52: =IF(H52="", 0, IFERROR(XLOOKUP(H52, INDIRECT("'"&P52&"'!A4:A"), INDIRECT("'"&P52&"'!B4:B"), 0, 1), 0)) -> 0 | J52: 8.1 | K52: =IF(J52="", 0, IFERROR(XLOOKUP(J52, INDIRECT("'"&P52&"'!E4:E"), INDIRECT("'"&P52&"'!F4:F"), 0, 1), 0)) -> 319 | L52: 3.21 | M52: =IF(L52="", 0, IFERROR(XLOOKUP(L52, INDIRECT("'"&P52&"'!I4:I"), INDIRECT("'"&P52&"'!J4:J"), 0, -1), 0)) -> 292 | N52: 25 | O52: =IF(N52="", 0, IFERROR(XLOOKUP(N52, INDIRECT("'"&P52&"'!M4:M"), INDIRECT("'"&P52&"'!N4:N"), 0, -1), 0)) -> 200 | P52: =IF(OR(F52="6",F52="5"),IF(E52="W","Punkte W 5-6","Punkte M 5-6"),IF(E52="W","Punkte W 7-9","Punkte M 7-9")) -> Punkte M 5-6 | Q52: =IF(E52="W","Noten-Matrix-Mädchen","Noten-Matrix-Jungen") -> Noten-Matrix-Jungen | R52: =SUM(I52, K52, M52, O52) - MIN(I52, K52, M52, O52) -> 811 | S52: =IF(R52=0, "Keine Teilnahme", IFERROR(IF(R52>=VLOOKUP(G52&LOWER(E52), Formeln!$H$2:$K$30, 4, FALSE), "Ehrenurkunde", IF(R52>=VLOOKUP(G52&LOWER(E52), Formeln!$H$2:$K$30, 3, FALSE), "Siegerurkunde", "Teilnehmerurkunde")), "Keine Urkunde")) -> Siegerurkunde | T52: =IF(R52=0, "Keine Teilnahme", IFERROR(XLOOKUP(R52, INDEX(INDIRECT("'"&Q52&"'!A:J"), 0, MATCH(G52, INDIRECT("'"&Q52&"'!A1:J1"), 0)), INDIRECT("'"&Q52&"'!A:A"), "Keine Note", -1), "Keine Note")) -> 1.9
A53: =IF(ASV_Daten!A60="","",ASV_Daten!A60) -> R5C | B53: =IF(ASV_Daten!B60="","",ASV_Daten!B60) -> Schwab | C53: =IF(ASV_Daten!C60="","",ASV_Daten!C60) -> Joshua | D53: =IF(ASV_Daten!D60="","",ASV_Daten!D60) -> 2014 | E53: =IF(ASV_Daten!E60="","",ASV_Daten!E60) -> M | F53: =MID(A53,2,1) -> 5 | G53: =2026-D53 -> 12 | I53: =IF(H53="", 0, IFERROR(XLOOKUP(H53, INDIRECT("'"&P53&"'!A4:A"), INDIRECT("'"&P53&"'!B4:B"), 0, 1), 0)) -> 0 | J53: 9.2 | K53: =IF(J53="", 0, IFERROR(XLOOKUP(J53, INDIRECT("'"&P53&"'!E4:E"), INDIRECT("'"&P53&"'!F4:F"), 0, 1), 0)) -> 218 | L53: 2.81 | M53: =IF(L53="", 0, IFERROR(XLOOKUP(L53, INDIRECT("'"&P53&"'!I4:I"), INDIRECT("'"&P53&"'!J4:J"), 0, -1), 0)) -> 240 | N53: 18.5 | O53: =IF(N53="", 0, IFERROR(XLOOKUP(N53, INDIRECT("'"&P53&"'!M4:M"), INDIRECT("'"&P53&"'!N4:N"), 0, -1), 0)) -> 136 | P53: =IF(OR(F53="6",F53="5"),IF(E53="W","Punkte W 5-6","Punkte M 5-6"),IF(E53="W","Punkte W 7-9","Punkte M 7-9")) -> Punkte M 5-6 | Q53: =IF(E53="W","Noten-Matrix-Mädchen","Noten-Matrix-Jungen") -> Noten-Matrix-Jungen | R53: =SUM(I53, K53, M53, O53) - MIN(I53, K53, M53, O53) -> 594 | S53: =IF(R53=0, "Keine Teilnahme", IFERROR(IF(R53>=VLOOKUP(G53&LOWER(E53), Formeln!$H$2:$K$30, 4, FALSE), "Ehrenurkunde", IF(R53>=VLOOKUP(G53&LOWER(E53), Formeln!$H$2:$K$30, 3, FALSE), "Siegerurkunde", "Teilnehmerurkunde")), "Keine Urkunde")) -> Teilnehmerurkunde | T53: =IF(R53=0, "Keine Teilnahme", IFERROR(XLOOKUP(R53, INDEX(INDIRECT("'"&Q53&"'!A:J"), 0, MATCH(G53, INDIRECT("'"&Q53&"'!A1:J1"), 0)), INDIRECT("'"&Q53&"'!A:A"), "Keine Note", -1), "Keine Note")) -> 3.9
A54: =IF(ASV_Daten!A49="","",ASV_Daten!A49) -> R5C | B54: =IF(ASV_Daten!B49="","",ASV_Daten!B49) -> Hämmerle | C54: =IF(ASV_Daten!C49="","",ASV_Daten!C49) -> Julian | D54: =IF(ASV_Daten!D49="","",ASV_Daten!D49) -> 2014 | E54: =IF(ASV_Daten!E49="","",ASV_Daten!E49) -> M | F54: =MID(A54,2,1) -> 5 | G54: =2026-D54 -> 12 | I54: =IF(H54="", 0, IFERROR(XLOOKUP(H54, INDIRECT("'"&P54&"'!A4:A"), INDIRECT("'"&P54&"'!B4:B"), 0, 1), 0)) -> 0 | J54: 9.9 | K54: =IF(J54="", 0, IFERROR(XLOOKUP(J54, INDIRECT("'"&P54&"'!E4:E"), INDIRECT("'"&P54&"'!F4:F"), 0, 1), 0)) -> 165 | L54: 2.61 | M54: =IF(L54="", 0, IFERROR(XLOOKUP(L54, INDIRECT("'"&P54&"'!I4:I"), INDIRECT("'"&P54&"'!J4:J"), 0, -1), 0)) -> 212 | N54: 22.5 | O54: =IF(N54="", 0, IFERROR(XLOOKUP(N54, INDIRECT("'"&P54&"'!M4:M"), INDIRECT("'"&P54&"'!N4:N"), 0, -1), 0)) -> 176 | P54: =IF(OR(F54="6",F54="5"),IF(E54="W","Punkte W 5-6","Punkte M 5-6"),IF(E54="W","Punkte W 7-9","Punkte M 7-9")) -> Punkte M 5-6 | Q54: =IF(E54="W","Noten-Matrix-Mädchen","Noten-Matrix-Jungen") -> Noten-Matrix-Jungen | R54: =SUM(I54, K54, M54, O54) - MIN(I54, K54, M54, O54) -> 553 | S54: =IF(R54=0, "Keine Teilnahme", IFERROR(IF(R54>=VLOOKUP(G54&LOWER(E54), Formeln!$H$2:$K$30, 4, FALSE), "Ehrenurkunde", IF(R54>=VLOOKUP(G54&LOWER(E54), Formeln!$H$2:$K$30, 3, FALSE), "Siegerurkunde", "Teilnehmerurkunde")), "Keine Urkunde")) -> Teilnehmerurkunde | T54: =IF(R54=0, "Keine Teilnahme", IFERROR(XLOOKUP(R54, INDEX(INDIRECT("'"&Q54&"'!A:J"), 0, MATCH(G54, INDIRECT("'"&Q54&"'!A1:J1"), 0)), INDIRECT("'"&Q54&"'!A:A"), "Keine Note", -1), "Keine Note")) -> 4.3
A55: =IF(ASV_Daten!A63="","",ASV_Daten!A63) -> R5C | B55: =IF(ASV_Daten!B63="","",ASV_Daten!B63) -> Skoda | C55: =IF(ASV_Daten!C63="","",ASV_Daten!C63) -> Luca | D55: =IF(ASV_Daten!D63="","",ASV_Daten!D63) -> 2014 | E55: =IF(ASV_Daten!E63="","",ASV_Daten!E63) -> M | F55: =MID(A55,2,1) -> 5 | G55: =2026-D55 -> 12 | I55: =IF(H55="", 0, IFERROR(XLOOKUP(H55, INDIRECT("'"&P55&"'!A4:A"), INDIRECT("'"&P55&"'!B4:B"), 0, 1), 0)) -> 0 | J55: 8.4 | K55: =IF(J55="", 0, IFERROR(XLOOKUP(J55, INDIRECT("'"&P55&"'!E4:E"), INDIRECT("'"&P55&"'!F4:F"), 0, 1), 0)) -> 289 | L55: 3.29 | M55: =IF(L55="", 0, IFERROR(XLOOKUP(L55, INDIRECT("'"&P55&"'!I4:I"), INDIRECT("'"&P55&"'!J4:J"), 0, -1), 0)) -> 302 | N55: 22 | O55: =IF(N55="", 0, IFERROR(XLOOKUP(N55, INDIRECT("'"&P55&"'!M4:M"), INDIRECT("'"&P55&"'!N4:N"), 0, -1), 0)) -> 171 | P55: =IF(OR(F55="6",F55="5"),IF(E55="W","Punkte W 5-6","Punkte M 5-6"),IF(E55="W","Punkte W 7-9","Punkte M 7-9")) -> Punkte M 5-6 | Q55: =IF(E55="W","Noten-Matrix-Mädchen","Noten-Matrix-Jungen") -> Noten-Matrix-Jungen | R55: =SUM(I55, K55, M55, O55) - MIN(I55, K55, M55, O55) -> 762 | S55: =IF(R55=0, "Keine Teilnahme", IFERROR(IF(R55>=VLOOKUP(G55&LOWER(E55), Formeln!$H$2:$K$30, 4, FALSE), "Ehrenurkunde", IF(R55>=VLOOKUP(G55&LOWER(E55), Formeln!$H$2:$K$30, 3, FALSE), "Siegerurkunde", "Teilnehmerurkunde")), "Keine Urkunde")) -> Siegerurkunde | T55: =IF(R55=0, "Keine Teilnahme", IFERROR(XLOOKUP(R55, INDEX(INDIRECT("'"&Q55&"'!A:J"), 0, MATCH(G55, INDIRECT("'"&Q55&"'!A1:J1"), 0)), INDIRECT("'"&Q55&"'!A:A"), "Keine Note", -1), "Keine Note")) -> 2.7
A56: =IF(ASV_Daten!A55="","",ASV_Daten!A55) -> R5C | B56: =IF(ASV_Daten!B55="","",ASV_Daten!B55) -> Lungoiu | C56: =IF(ASV_Daten!C55="","",ASV_Daten!C55) -> Lukas | D56: =IF(ASV_Daten!D55="","",ASV_Daten!D55) -> 2015 | E56: =IF(ASV_Daten!E55="","",ASV_Daten!E55) -> M | F56: =MID(A56,2,1) -> 5 | G56: =2026-D56 -> 11 | I56: =IF(H56="", 0, IFERROR(XLOOKUP(H56, INDIRECT("'"&P56&"'!A4:A"), INDIRECT("'"&P56&"'!B4:B"), 0, 1), 0)) -> 0 | J56: 8.6 | K56: =IF(J56="", 0, IFERROR(XLOOKUP(J56, INDIRECT("'"&P56&"'!E4:E"), INDIRECT("'"&P56&"'!F4:F"), 0, 1), 0)) -> 270 | L56: 3.61 | M56: =IF(L56="", 0, IFERROR(XLOOKUP(L56, INDIRECT("'"&P56&"'!I4:I"), INDIRECT("'"&P56&"'!J4:J"), 0, -1), 0)) -> 342 | N56: 26.5 | O56: =IF(N56="", 0, IFERROR(XLOOKUP(N56, INDIRECT("'"&P56&"'!M4:M"), INDIRECT("'"&P56&"'!N4:N"), 0, -1), 0)) -> 213 | P56: =IF(OR(F56="6",F56="5"),IF(E56="W","Punkte W 5-6","Punkte M 5-6"),IF(E56="W","Punkte W 7-9","Punkte M 7-9")) -> Punkte M 5-6 | Q56: =IF(E56="W","Noten-Matrix-Mädchen","Noten-Matrix-Jungen") -> Noten-Matrix-Jungen | R56: =SUM(I56, K56, M56, O56) - MIN(I56, K56, M56, O56) -> 825 | S56: =IF(R56=0, "Keine Teilnahme", IFERROR(IF(R56>=VLOOKUP(G56&LOWER(E56), Formeln!$H$2:$K$30, 4, FALSE), "Ehrenurkunde", IF(R56>=VLOOKUP(G56&LOWER(E56), Formeln!$H$2:$K$30, 3, FALSE), "Siegerurkunde", "Teilnehmerurkunde")), "Keine Urkunde")) -> Siegerurkunde | T56: =IF(R56=0, "Keine Teilnahme", IFERROR(XLOOKUP(R56, INDEX(INDIRECT("'"&Q56&"'!A:J"), 0, MATCH(G56, INDIRECT("'"&Q56&"'!A1:J1"), 0)), INDIRECT("'"&Q56&"'!A:A"), "Keine Note", -1), "Keine Note")) -> 1.8
A57: =IF(ASV_Daten!A64="","",ASV_Daten!A64) -> R5C | B57: =IF(ASV_Daten!B64="","",ASV_Daten!B64) -> Stenianskyi | C57: =IF(ASV_Daten!C64="","",ASV_Daten!C64) -> Maksym | D57: =IF(ASV_Daten!D64="","",ASV_Daten!D64) -> 2014 | E57: =IF(ASV_Daten!E64="","",ASV_Daten!E64) -> M | F57: =MID(A57,2,1) -> 5 | G57: =2026-D57 -> 12 | I57: =IF(H57="", 0, IFERROR(XLOOKUP(H57, INDIRECT("'"&P57&"'!A4:A"), INDIRECT("'"&P57&"'!B4:B"), 0, 1), 0)) -> 0 | J57: 7.7 | K57: =IF(J57="", 0, IFERROR(XLOOKUP(J57, INDIRECT("'"&P57&"'!E4:E"), INDIRECT("'"&P57&"'!F4:F"), 0, 1), 0)) -> 363 | L57: 3.29 | M57: =IF(L57="", 0, IFERROR(XLOOKUP(L57, INDIRECT("'"&P57&"'!I4:I"), INDIRECT("'"&P57&"'!J4:J"), 0, -1), 0)) -> 302 | N57: 27.5 | O57: =IF(N57="", 0, IFERROR(XLOOKUP(N57, INDIRECT("'"&P57&"'!M4:M"), INDIRECT("'"&P57&"'!N4:N"), 0, -1), 0)) -> 222 | P57: =IF(OR(F57="6",F57="5"),IF(E57="W","Punkte W 5-6","Punkte M 5-6"),IF(E57="W","Punkte W 7-9","Punkte M 7-9")) -> Punkte M 5-6 | Q57: =IF(E57="W","Noten-Matrix-Mädchen","Noten-Matrix-Jungen") -> Noten-Matrix-Jungen | R57: =SUM(I57, K57, M57, O57) - MIN(I57, K57, M57, O57) -> 887 | S57: =IF(R57=0, "Keine Teilnahme", IFERROR(IF(R57>=VLOOKUP(G57&LOWER(E57), Formeln!$H$2:$K$30, 4, FALSE), "Ehrenurkunde", IF(R57>=VLOOKUP(G57&LOWER(E57), Formeln!$H$2:$K$30, 3, FALSE), "Siegerurkunde", "Teilnehmerurkunde")), "Keine Urkunde")) -> Siegerurkunde | T57: =IF(R57=0, "Keine Teilnahme", IFERROR(XLOOKUP(R57, INDEX(INDIRECT("'"&Q57&"'!A:J"), 0, MATCH(G57, INDIRECT("'"&Q57&"'!A1:J1"), 0)), INDIRECT("'"&Q57&"'!A:A"), "Keine Note", -1), "Keine Note")) -> 2
A58: =IF(ASV_Daten!A54="","",ASV_Daten!A54) -> R5C | B58: =IF(ASV_Daten!B54="","",ASV_Daten!B54) -> Löffler | C58: =IF(ASV_Daten!C54="","",ASV_Daten!C54) -> Marla | D58: =IF(ASV_Daten!D54="","",ASV_Daten!D54) -> 2015 | E58: =IF(ASV_Daten!E54="","",ASV_Daten!E54) -> W | F58: =MID(A58,2,1) -> 5 | G58: =2026-D58 -> 11 | I58: =IF(H58="", 0, IFERROR(XLOOKUP(H58, INDIRECT("'"&P58&"'!A4:A"), INDIRECT("'"&P58&"'!B4:B"), 0, 1), 0)) -> 0 | J58: 9.6 | K58: =IF(J58="", 0, IFERROR(XLOOKUP(J58, INDIRECT("'"&P58&"'!E4:E"), INDIRECT("'"&P58&"'!F4:F"), 0, 1), 0)) -> 217 | L58: 2.57 | M58: =IF(L58="", 0, IFERROR(XLOOKUP(L58, INDIRECT("'"&P58&"'!I4:I"), INDIRECT("'"&P58&"'!J4:J"), 0, -1), 0)) -> 245 | N58: 18 | O58: =IF(N58="", 0, IFERROR(XLOOKUP(N58, INDIRECT("'"&P58&"'!M4:M"), INDIRECT("'"&P58&"'!N4:N"), 0, -1), 0)) -> 253 | P58: =IF(OR(F58="6",F58="5"),IF(E58="W","Punkte W 5-6","Punkte M 5-6"),IF(E58="W","Punkte W 7-9","Punkte M 7-9")) -> Punkte W 5-6 | Q58: =IF(E58="W","Noten-Matrix-Mädchen","Noten-Matrix-Jungen") -> Noten-Matrix-Mädchen | R58: =SUM(I58, K58, M58, O58) - MIN(I58, K58, M58, O58) -> 715 | S58: =IF(R58=0, "Keine Teilnahme", IFERROR(IF(R58>=VLOOKUP(G58&LOWER(E58), Formeln!$H$2:$K$30, 4, FALSE), "Ehrenurkunde", IF(R58>=VLOOKUP(G58&LOWER(E58), Formeln!$H$2:$K$30, 3, FALSE), "Siegerurkunde", "Teilnehmerurkunde")), "Keine Urkunde")) -> Siegerurkunde | T58: =IF(R58=0, "Keine Teilnahme", IFERROR(XLOOKUP(R58, INDEX(INDIRECT("'"&Q58&"'!A:J"), 0, MATCH(G58, INDIRECT("'"&Q58&"'!A1:J1"), 0)), INDIRECT("'"&Q58&"'!A:A"), "Keine Note", -1), "Keine Note")) -> 2.6
A59: =IF(ASV_Daten!A68="","",ASV_Daten!A68) -> R5C | B59: =IF(ASV_Daten!B68="","",ASV_Daten!B68) -> Zipfel | C59: =IF(ASV_Daten!C68="","",ASV_Daten!C68) -> Marleen | D59: =IF(ASV_Daten!D68="","",ASV_Daten!D68) -> 2014 | E59: =IF(ASV_Daten!E68="","",ASV_Daten!E68) -> W | F59: =MID(A59,2,1) -> 5 | G59: =2026-D59 -> 12 | I59: =IF(H59="", 0, IFERROR(XLOOKUP(H59, INDIRECT("'"&P59&"'!A4:A"), INDIRECT("'"&P59&"'!B4:B"), 0, 1), 0)) -> 0 | K59: =IF(J59="", 0, IFERROR(XLOOKUP(J59, INDIRECT("'"&P59&"'!E4:E"), INDIRECT("'"&P59&"'!F4:F"), 0, 1), 0)) -> 0 | M59: =IF(L59="", 0, IFERROR(XLOOKUP(L59, INDIRECT("'"&P59&"'!I4:I"), INDIRECT("'"&P59&"'!J4:J"), 0, -1), 0)) -> 0 | O59: =IF(N59="", 0, IFERROR(XLOOKUP(N59, INDIRECT("'"&P59&"'!M4:M"), INDIRECT("'"&P59&"'!N4:N"), 0, -1), 0)) -> 0 | P59: =IF(OR(F59="6",F59="5"),IF(E59="W","Punkte W 5-6","Punkte M 5-6"),IF(E59="W","Punkte W 7-9","Punkte M 7-9")) -> Punkte W 5-6 | Q59: =IF(E59="W","Noten-Matrix-Mädchen","Noten-Matrix-Jungen") -> Noten-Matrix-Mädchen | R59: =SUM(I59, K59, M59, O59) - MIN(I59, K59, M59, O59) -> 0 | S59: =IF(R59=0, "Keine Teilnahme", IFERROR(IF(R59>=VLOOKUP(G59&LOWER(E59), Formeln!$H$2:$K$30, 4, FALSE), "Ehrenurkunde", IF(R59>=VLOOKUP(G59&LOWER(E59), Formeln!$H$2:$K$30, 3, FALSE), "Siegerurkunde", "Teilnehmerurkunde")), "Keine Urkunde")) -> Keine Teilnahme | T59: =IF(R59=0, "Keine Teilnahme", IFERROR(XLOOKUP(R59, INDEX(INDIRECT("'"&Q59&"'!A:J"), 0, MATCH(G59, INDIRECT("'"&Q59&"'!A1:J1"), 0)), INDIRECT("'"&Q59&"'!A:A"), "Keine Note", -1), "Keine Note")) -> Keine Teilnahme
A60: =IF(ASV_Daten!A56="","",ASV_Daten!A56) -> R5C | B60: =IF(ASV_Daten!B56="","",ASV_Daten!B56) -> Ochwat | C60: =IF(ASV_Daten!C56="","",ASV_Daten!C56) -> Marvin | D60: =IF(ASV_Daten!D56="","",ASV_Daten!D56) -> 2015 | E60: =IF(ASV_Daten!E56="","",ASV_Daten!E56) -> M | F60: =MID(A60,2,1) -> 5 | G60: =2026-D60 -> 11 | I60: =IF(H60="", 0, IFERROR(XLOOKUP(H60, INDIRECT("'"&P60&"'!A4:A"), INDIRECT("'"&P60&"'!B4:B"), 0, 1), 0)) -> 0 | K60: =IF(J60="", 0, IFERROR(XLOOKUP(J60, INDIRECT("'"&P60&"'!E4:E"), INDIRECT("'"&P60&"'!F4:F"), 0, 1), 0)) -> 0 | L60: 1.49 | M60: =IF(L60="", 0, IFERROR(XLOOKUP(L60, INDIRECT("'"&P60&"'!I4:I"), INDIRECT("'"&P60&"'!J4:J"), 0, -1), 0)) -> 32 | N60: 13.5 | O60: =IF(N60="", 0, IFERROR(XLOOKUP(N60, INDIRECT("'"&P60&"'!M4:M"), INDIRECT("'"&P60&"'!N4:N"), 0, -1), 0)) -> 79 | P60: =IF(OR(F60="6",F60="5"),IF(E60="W","Punkte W 5-6","Punkte M 5-6"),IF(E60="W","Punkte W 7-9","Punkte M 7-9")) -> Punkte M 5-6 | Q60: =IF(E60="W","Noten-Matrix-Mädchen","Noten-Matrix-Jungen") -> Noten-Matrix-Jungen | R60: =SUM(I60, K60, M60, O60) - MIN(I60, K60, M60, O60) -> 111 | S60: =IF(R60=0, "Keine Teilnahme", IFERROR(IF(R60>=VLOOKUP(G60&LOWER(E60), Formeln!$H$2:$K$30, 4, FALSE), "Ehrenurkunde", IF(R60>=VLOOKUP(G60&LOWER(E60), Formeln!$H$2:$K$30, 3, FALSE), "Siegerurkunde", "Teilnehmerurkunde")), "Keine Urkunde")) -> Teilnehmerurkunde | T60: =IF(R60=0, "Keine Teilnahme", IFERROR(XLOOKUP(R60, INDEX(INDIRECT("'"&Q60&"'!A:J"), 0, MATCH(G60, INDIRECT("'"&Q60&"'!A1:J1"), 0)), INDIRECT("'"&Q60&"'!A:A"), "Keine Note", -1), "Keine Note")) -> NOTE
A61: =IF(ASV_Daten!A65="","",ASV_Daten!A65) -> R5C | B61: =IF(ASV_Daten!B65="","",ASV_Daten!B65) -> Tkalec | C61: =IF(ASV_Daten!C65="","",ASV_Daten!C65) -> Matea | D61: =IF(ASV_Daten!D65="","",ASV_Daten!D65) -> 2014 | E61: =IF(ASV_Daten!E65="","",ASV_Daten!E65) -> W | F61: =MID(A61,2,1) -> 5 | G61: =2026-D61 -> 12 | I61: =IF(H61="", 0, IFERROR(XLOOKUP(H61, INDIRECT("'"&P61&"'!A4:A"), INDIRECT("'"&P61&"'!B4:B"), 0, 1), 0)) -> 0 | J61: 9.1 | K61: =IF(J61="", 0, IFERROR(XLOOKUP(J61, INDIRECT("'"&P61&"'!E4:E"), INDIRECT("'"&P61&"'!F4:F"), 0, 1), 0)) -> 258 | L61: 2.29 | M61: =IF(L61="", 0, IFERROR(XLOOKUP(L61, INDIRECT("'"&P61&"'!I4:I"), INDIRECT("'"&P61&"'!J4:J"), 0, -1), 0)) -> 201 | N61: 14.5 | O61: =IF(N61="", 0, IFERROR(XLOOKUP(N61, INDIRECT("'"&P61&"'!M4:M"), INDIRECT("'"&P61&"'!N4:N"), 0, -1), 0)) -> 204 | P61: =IF(OR(F61="6",F61="5"),IF(E61="W","Punkte W 5-6","Punkte M 5-6"),IF(E61="W","Punkte W 7-9","Punkte M 7-9")) -> Punkte W 5-6 | Q61: =IF(E61="W","Noten-Matrix-Mädchen","Noten-Matrix-Jungen") -> Noten-Matrix-Mädchen | R61: =SUM(I61, K61, M61, O61) - MIN(I61, K61, M61, O61) -> 663 | S61: =IF(R61=0, "Keine Teilnahme", IFERROR(IF(R61>=VLOOKUP(G61&LOWER(E61), Formeln!$H$2:$K$30, 4, FALSE), "Ehrenurkunde", IF(R61>=VLOOKUP(G61&LOWER(E61), Formeln!$H$2:$K$30, 3, FALSE), "Siegerurkunde", "Teilnehmerurkunde")), "Keine Urkunde")) -> Teilnehmerurkunde | T61: =IF(R61=0, "Keine Teilnahme", IFERROR(XLOOKUP(R61, INDEX(INDIRECT("'"&Q61&"'!A:J"), 0, MATCH(G61, INDIRECT("'"&Q61&"'!A1:J1"), 0)), INDIRECT("'"&Q61&"'!A:A"), "Keine Note", -1), "Keine Note")) -> 3.5
A62: =IF(ASV_Daten!A52="","",ASV_Daten!A52) -> R5C | B62: =IF(ASV_Daten!B52="","",ASV_Daten!B52) -> Kling | C62: =IF(ASV_Daten!C52="","",ASV_Daten!C52) -> Maxim | D62: =IF(ASV_Daten!D52="","",ASV_Daten!D52) -> 2015 | E62: =IF(ASV_Daten!E52="","",ASV_Daten!E52) -> M | F62: =MID(A62,2,1) -> 5 | G62: =2026-D62 -> 11 | I62: =IF(H62="", 0, IFERROR(XLOOKUP(H62, INDIRECT("'"&P62&"'!A4:A"), INDIRECT("'"&P62&"'!B4:B"), 0, 1), 0)) -> 0 | J62: 8.2 | K62: =IF(J62="", 0, IFERROR(XLOOKUP(J62, INDIRECT("'"&P62&"'!E4:E"), INDIRECT("'"&P62&"'!F4:F"), 0, 1), 0)) -> 309 | L62: 3.81 | M62: =IF(L62="", 0, IFERROR(XLOOKUP(L62, INDIRECT("'"&P62&"'!I4:I"), INDIRECT("'"&P62&"'!J4:J"), 0, -1), 0)) -> 366 | N62: 25.5 | O62: =IF(N62="", 0, IFERROR(XLOOKUP(N62, INDIRECT("'"&P62&"'!M4:M"), INDIRECT("'"&P62&"'!N4:N"), 0, -1), 0)) -> 204 | P62: =IF(OR(F62="6",F62="5"),IF(E62="W","Punkte W 5-6","Punkte M 5-6"),IF(E62="W","Punkte W 7-9","Punkte M 7-9")) -> Punkte M 5-6 | Q62: =IF(E62="W","Noten-Matrix-Mädchen","Noten-Matrix-Jungen") -> Noten-Matrix-Jungen | R62: =SUM(I62, K62, M62, O62) - MIN(I62, K62, M62, O62) -> 879 | S62: =IF(R62=0, "Keine Teilnahme", IFERROR(IF(R62>=VLOOKUP(G62&LOWER(E62), Formeln!$H$2:$K$30, 4, FALSE), "Ehrenurkunde", IF(R62>=VLOOKUP(G62&LOWER(E62), Formeln!$H$2:$K$30, 3, FALSE), "Siegerurkunde", "Teilnehmerurkunde")), "Keine Urkunde")) -> Siegerurkunde | T62: =IF(R62=0, "Keine Teilnahme", IFERROR(XLOOKUP(R62, INDEX(INDIRECT("'"&Q62&"'!A:J"), 0, MATCH(G62, INDIRECT("'"&Q62&"'!A1:J1"), 0)), INDIRECT("'"&Q62&"'!A:A"), "Keine Note", -1), "Keine Note")) -> 1.5
A63: =IF(ASV_Daten!A58="","",ASV_Daten!A58) -> R5C | B63: =IF(ASV_Daten!B58="","",ASV_Daten!B58) -> Petrovic | C63: =IF(ASV_Daten!C58="","",ASV_Daten!C58) -> Mia | D63: =IF(ASV_Daten!D58="","",ASV_Daten!D58) -> 2014 | E63: =IF(ASV_Daten!E58="","",ASV_Daten!E58) -> W | F63: =MID(A63,2,1) -> 5 | G63: =2026-D63 -> 12 | I63: =IF(H63="", 0, IFERROR(XLOOKUP(H63, INDIRECT("'"&P63&"'!A4:A"), INDIRECT("'"&P63&"'!B4:B"), 0, 1), 0)) -> 0 | J63: 9.7 | K63: =IF(J63="", 0, IFERROR(XLOOKUP(J63, INDIRECT("'"&P63&"'!E4:E"), INDIRECT("'"&P63&"'!F4:F"), 0, 1), 0)) -> 209 | L63: 2.09 | M63: =IF(L63="", 0, IFERROR(XLOOKUP(L63, INDIRECT("'"&P63&"'!I4:I"), INDIRECT("'"&P63&"'!J4:J"), 0, -1), 0)) -> 169 | N63: 12.5 | O63: =IF(N63="", 0, IFERROR(XLOOKUP(N63, INDIRECT("'"&P63&"'!M4:M"), INDIRECT("'"&P63&"'!N4:N"), 0, -1), 0)) -> 173 | P63: =IF(OR(F63="6",F63="5"),IF(E63="W","Punkte W 5-6","Punkte M 5-6"),IF(E63="W","Punkte W 7-9","Punkte M 7-9")) -> Punkte W 5-6 | Q63: =IF(E63="W","Noten-Matrix-Mädchen","Noten-Matrix-Jungen") -> Noten-Matrix-Mädchen | R63: =SUM(I63, K63, M63, O63) - MIN(I63, K63, M63, O63) -> 551 | S63: =IF(R63=0, "Keine Teilnahme", IFERROR(IF(R63>=VLOOKUP(G63&LOWER(E63), Formeln!$H$2:$K$30, 4, FALSE), "Ehrenurkunde", IF(R63>=VLOOKUP(G63&LOWER(E63), Formeln!$H$2:$K$30, 3, FALSE), "Siegerurkunde", "Teilnehmerurkunde")), "Keine Urkunde")) -> Teilnehmerurkunde | T63: =IF(R63=0, "Keine Teilnahme", IFERROR(XLOOKUP(R63, INDEX(INDIRECT("'"&Q63&"'!A:J"), 0, MATCH(G63, INDIRECT("'"&Q63&"'!A1:J1"), 0)), INDIRECT("'"&Q63&"'!A:A"), "Keine Note", -1), "Keine Note")) -> NOTE
A64: =IF(ASV_Daten!A58="","",ASV_Daten!A58) -> R5C | B64: =IF(ASV_Daten!B58="","",ASV_Daten!B58) -> Petrovic | C64: =IF(ASV_Daten!C58="","",ASV_Daten!C58) -> Mia | D64: =IF(ASV_Daten!D58="","",ASV_Daten!D58) -> 2014 | E64: =IF(ASV_Daten!E58="","",ASV_Daten!E58) -> W | F64: =MID(A64,2,1) -> 5 | G64: =2026-D64 -> 12 | I64: =IF(H64="", 0, IFERROR(XLOOKUP(H64, INDIRECT("'"&P64&"'!A4:A"), INDIRECT("'"&P64&"'!B4:B"), 0, 1), 0)) -> 0 | K64: =IF(J64="", 0, IFERROR(XLOOKUP(J64, INDIRECT("'"&P64&"'!E4:E"), INDIRECT("'"&P64&"'!F4:F"), 0, 1), 0)) -> 0 | M64: =IF(L64="", 0, IFERROR(XLOOKUP(L64, INDIRECT("'"&P64&"'!I4:I"), INDIRECT("'"&P64&"'!J4:J"), 0, -1), 0)) -> 0 | O64: =IF(N64="", 0, IFERROR(XLOOKUP(N64, INDIRECT("'"&P64&"'!M4:M"), INDIRECT("'"&P64&"'!N4:N"), 0, -1), 0)) -> 0 | P64: =IF(OR(F64="6",F64="5"),IF(E64="W","Punkte W 5-6","Punkte M 5-6"),IF(E64="W","Punkte W 7-9","Punkte M 7-9")) -> Punkte W 5-6 | Q64: =IF(E64="W","Noten-Matrix-Mädchen","Noten-Matrix-Jungen") -> Noten-Matrix-Mädchen | R64: =SUM(I64, K64, M64, O64) - MIN(I64, K64, M64, O64) -> 0 | S64: =IF(R64=0, "Keine Teilnahme", IFERROR(IF(R64>=VLOOKUP(G64&LOWER(E64), Formeln!$H$2:$K$30, 4, FALSE), "Ehrenurkunde", IF(R64>=VLOOKUP(G64&LOWER(E64), Formeln!$H$2:$K$30, 3, FALSE), "Siegerurkunde", "Teilnehmerurkunde")), "Keine Urkunde")) -> Keine Teilnahme | T64: =IF(R64=0, "Keine Teilnahme", IFERROR(XLOOKUP(R64, INDEX(INDIRECT("'"&Q64&"'!A:J"), 0, MATCH(G64, INDIRECT("'"&Q64&"'!A1:J1"), 0)), INDIRECT("'"&Q64&"'!A:A"), "Keine Note", -1), "Keine Note")) -> Keine Teilnahme
A65: =IF(ASV_Daten!A62="","",ASV_Daten!A62) -> R5C | B65: =IF(ASV_Daten!B62="","",ASV_Daten!B62) -> Silic | C65: =IF(ASV_Daten!C62="","",ASV_Daten!C62) -> Nia | D65: =IF(ASV_Daten!D62="","",ASV_Daten!D62) -> 2015 | E65: =IF(ASV_Daten!E62="","",ASV_Daten!E62) -> W | F65: =MID(A65,2,1) -> 5 | G65: =2026-D65 -> 11 | I65: =IF(H65="", 0, IFERROR(XLOOKUP(H65, INDIRECT("'"&P65&"'!A4:A"), INDIRECT("'"&P65&"'!B4:B"), 0, 1), 0)) -> 0 | J65: 8.9 | K65: =IF(J65="", 0, IFERROR(XLOOKUP(J65, INDIRECT("'"&P65&"'!E4:E"), INDIRECT("'"&P65&"'!F4:F"), 0, 1), 0)) -> 276 | L65: 3.05 | M65: =IF(L65="", 0, IFERROR(XLOOKUP(L65, INDIRECT("'"&P65&"'!I4:I"), INDIRECT("'"&P65&"'!J4:J"), 0, -1), 0)) -> 313 | N65: 11.5 | O65: =IF(N65="", 0, IFERROR(XLOOKUP(N65, INDIRECT("'"&P65&"'!M4:M"), INDIRECT("'"&P65&"'!N4:N"), 0, -1), 0)) -> 156 | P65: =IF(OR(F65="6",F65="5"),IF(E65="W","Punkte W 5-6","Punkte M 5-6"),IF(E65="W","Punkte W 7-9","Punkte M 7-9")) -> Punkte W 5-6 | Q65: =IF(E65="W","Noten-Matrix-Mädchen","Noten-Matrix-Jungen") -> Noten-Matrix-Mädchen | R65: =SUM(I65, K65, M65, O65) - MIN(I65, K65, M65, O65) -> 745 | S65: =IF(R65=0, "Keine Teilnahme", IFERROR(IF(R65>=VLOOKUP(G65&LOWER(E65), Formeln!$H$2:$K$30, 4, FALSE), "Ehrenurkunde", IF(R65>=VLOOKUP(G65&LOWER(E65), Formeln!$H$2:$K$30, 3, FALSE), "Siegerurkunde", "Teilnehmerurkunde")), "Keine Urkunde")) -> Siegerurkunde | T65: =IF(R65=0, "Keine Teilnahme", IFERROR(XLOOKUP(R65, INDEX(INDIRECT("'"&Q65&"'!A:J"), 0, MATCH(G65, INDIRECT("'"&Q65&"'!A1:J1"), 0)), INDIRECT("'"&Q65&"'!A:A"), "Keine Note", -1), "Keine Note")) -> 2.4
A66: =IF(ASV_Daten!A47="","",ASV_Daten!A47) -> R5C | B66: =IF(ASV_Daten!B47="","",ASV_Daten!B47) -> Benz | C66: =IF(ASV_Daten!C47="","",ASV_Daten!C47) -> Niklas | D66: =IF(ASV_Daten!D47="","",ASV_Daten!D47) -> 2014 | E66: =IF(ASV_Daten!E47="","",ASV_Daten!E47) -> M | F66: =MID(A66,2,1) -> 5 | G66: =2026-D66 -> 12 | I66: =IF(H66="", 0, IFERROR(XLOOKUP(H66, INDIRECT("'"&P66&"'!A4:A"), INDIRECT("'"&P66&"'!B4:B"), 0, 1), 0)) -> 0 | J66: 8.7 | K66: =IF(J66="", 0, IFERROR(XLOOKUP(J66, INDIRECT("'"&P66&"'!E4:E"), INDIRECT("'"&P66&"'!F4:F"), 0, 1), 0)) -> 261 | L66: 3.25 | M66: =IF(L66="", 0, IFERROR(XLOOKUP(L66, INDIRECT("'"&P66&"'!I4:I"), INDIRECT("'"&P66&"'!J4:J"), 0, -1), 0)) -> 297 | N66: 28 | O66: =IF(N66="", 0, IFERROR(XLOOKUP(N66, INDIRECT("'"&P66&"'!M4:M"), INDIRECT("'"&P66&"'!N4:N"), 0, -1), 0)) -> 226 | P66: =IF(OR(F66="6",F66="5"),IF(E66="W","Punkte W 5-6","Punkte M 5-6"),IF(E66="W","Punkte W 7-9","Punkte M 7-9")) -> Punkte M 5-6 | Q66: =IF(E66="W","Noten-Matrix-Mädchen","Noten-Matrix-Jungen") -> Noten-Matrix-Jungen | R66: =SUM(I66, K66, M66, O66) - MIN(I66, K66, M66, O66) -> 784 | S66: =IF(R66=0, "Keine Teilnahme", IFERROR(IF(R66>=VLOOKUP(G66&LOWER(E66), Formeln!$H$2:$K$30, 4, FALSE), "Ehrenurkunde", IF(R66>=VLOOKUP(G66&LOWER(E66), Formeln!$H$2:$K$30, 3, FALSE), "Siegerurkunde", "Teilnehmerurkunde")), "Keine Urkunde")) -> Siegerurkunde | T66: =IF(R66=0, "Keine Teilnahme", IFERROR(XLOOKUP(R66, INDEX(INDIRECT("'"&Q66&"'!A:J"), 0, MATCH(G66, INDIRECT("'"&Q66&"'!A1:J1"), 0)), INDIRECT("'"&Q66&"'!A:A"), "Keine Note", -1), "Keine Note")) -> 2.6
A67: =IF(ASV_Daten!A67="","",ASV_Daten!A67) -> R5C | B67: =IF(ASV_Daten!B67="","",ASV_Daten!B67) -> Winterhalder | C67: =IF(ASV_Daten!C67="","",ASV_Daten!C67) -> Paula | D67: =IF(ASV_Daten!D67="","",ASV_Daten!D67) -> 2015 | E67: =IF(ASV_Daten!E67="","",ASV_Daten!E67) -> W | F67: =MID(A67,2,1) -> 5 | G67: =2026-D67 -> 11 | I67: =IF(H67="", 0, IFERROR(XLOOKUP(H67, INDIRECT("'"&P67&"'!A4:A"), INDIRECT("'"&P67&"'!B4:B"), 0, 1), 0)) -> 0 | J67: 8.7 | K67: =IF(J67="", 0, IFERROR(XLOOKUP(J67, INDIRECT("'"&P67&"'!E4:E"), INDIRECT("'"&P67&"'!F4:F"), 0, 1), 0)) -> 294 | L67: 3.29 | M67: =IF(L67="", 0, IFERROR(XLOOKUP(L67, INDIRECT("'"&P67&"'!I4:I"), INDIRECT("'"&P67&"'!J4:J"), 0, -1), 0)) -> 346 | N67: 14 | O67: =IF(N67="", 0, IFERROR(XLOOKUP(N67, INDIRECT("'"&P67&"'!M4:M"), INDIRECT("'"&P67&"'!N4:N"), 0, -1), 0)) -> 196 | P67: =IF(OR(F67="6",F67="5"),IF(E67="W","Punkte W 5-6","Punkte M 5-6"),IF(E67="W","Punkte W 7-9","Punkte M 7-9")) -> Punkte W 5-6 | Q67: =IF(E67="W","Noten-Matrix-Mädchen","Noten-Matrix-Jungen") -> Noten-Matrix-Mädchen | R67: =SUM(I67, K67, M67, O67) - MIN(I67, K67, M67, O67) -> 836 | S67: =IF(R67=0, "Keine Teilnahme", IFERROR(IF(R67>=VLOOKUP(G67&LOWER(E67), Formeln!$H$2:$K$30, 4, FALSE), "Ehrenurkunde", IF(R67>=VLOOKUP(G67&LOWER(E67), Formeln!$H$2:$K$30, 3, FALSE), "Siegerurkunde", "Teilnehmerurkunde")), "Keine Urkunde")) -> Siegerurkunde | T67: =IF(R67=0, "Keine Teilnahme", IFERROR(XLOOKUP(R67, INDEX(INDIRECT("'"&Q67&"'!A:J"), 0, MATCH(G67, INDIRECT("'"&Q67&"'!A1:J1"), 0)), INDIRECT("'"&Q67&"'!A:A"), "Keine Note", -1), "Keine Note")) -> 1.9
A68: =IF(ASV_Daten!A57="","",ASV_Daten!A57) -> R5C | B68: =IF(ASV_Daten!B57="","",ASV_Daten!B57) -> Ojebo | C68: =IF(ASV_Daten!C57="","",ASV_Daten!C57) -> Rebecca | D68: =IF(ASV_Daten!D57="","",ASV_Daten!D57) -> 2014 | E68: =IF(ASV_Daten!E57="","",ASV_Daten!E57) -> W | F68: =MID(A68,2,1) -> 5 | G68: =2026-D68 -> 12 | I68: =IF(H68="", 0, IFERROR(XLOOKUP(H68, INDIRECT("'"&P68&"'!A4:A"), INDIRECT("'"&P68&"'!B4:B"), 0, 1), 0)) -> 0 | K68: =IF(J68="", 0, IFERROR(XLOOKUP(J68, INDIRECT("'"&P68&"'!E4:E"), INDIRECT("'"&P68&"'!F4:F"), 0, 1), 0)) -> 0 | L68: 1.69 | M68: =IF(L68="", 0, IFERROR(XLOOKUP(L68, INDIRECT("'"&P68&"'!I4:I"), INDIRECT("'"&P68&"'!J4:J"), 0, -1), 0)) -> 99 | N68: 16 | O68: =IF(N68="", 0, IFERROR(XLOOKUP(N68, INDIRECT("'"&P68&"'!M4:M"), INDIRECT("'"&P68&"'!N4:N"), 0, -1), 0)) -> 226 | P68: =IF(OR(F68="6",F68="5"),IF(E68="W","Punkte W 5-6","Punkte M 5-6"),IF(E68="W","Punkte W 7-9","Punkte M 7-9")) -> Punkte W 5-6 | Q68: =IF(E68="W","Noten-Matrix-Mädchen","Noten-Matrix-Jungen") -> Noten-Matrix-Mädchen | R68: =SUM(I68, K68, M68, O68) - MIN(I68, K68, M68, O68) -> 325 | S68: =IF(R68=0, "Keine Teilnahme", IFERROR(IF(R68>=VLOOKUP(G68&LOWER(E68), Formeln!$H$2:$K$30, 4, FALSE), "Ehrenurkunde", IF(R68>=VLOOKUP(G68&LOWER(E68), Formeln!$H$2:$K$30, 3, FALSE), "Siegerurkunde", "Teilnehmerurkunde")), "Keine Urkunde")) -> Teilnehmerurkunde | T68: =IF(R68=0, "Keine Teilnahme", IFERROR(XLOOKUP(R68, INDEX(INDIRECT("'"&Q68&"'!A:J"), 0, MATCH(G68, INDIRECT("'"&Q68&"'!A1:J1"), 0)), INDIRECT("'"&Q68&"'!A:A"), "Keine Note", -1), "Keine Note")) -> NOTE
A69: =IF(ASV_Daten!A61="","",ASV_Daten!A61) -> R5C | B69: =IF(ASV_Daten!B61="","",ASV_Daten!B61) -> Siedlarz | C69: =IF(ASV_Daten!C61="","",ASV_Daten!C61) -> Sami | D69: =IF(ASV_Daten!D61="","",ASV_Daten!D61) -> 2015 | E69: =IF(ASV_Daten!E61="","",ASV_Daten!E61) -> M | F69: =MID(A69,2,1) -> 5 | G69: =2026-D69 -> 11 | I69: =IF(H69="", 0, IFERROR(XLOOKUP(H69, INDIRECT("'"&P69&"'!A4:A"), INDIRECT("'"&P69&"'!B4:B"), 0, 1), 0)) -> 0 | J69: 8.3 | K69: =IF(J69="", 0, IFERROR(XLOOKUP(J69, INDIRECT("'"&P69&"'!E4:E"), INDIRECT("'"&P69&"'!F4:F"), 0, 1), 0)) -> 299 | M69: =IF(L69="", 0, IFERROR(XLOOKUP(L69, INDIRECT("'"&P69&"'!I4:I"), INDIRECT("'"&P69&"'!J4:J"), 0, -1), 0)) -> 0 | O69: =IF(N69="", 0, IFERROR(XLOOKUP(N69, INDIRECT("'"&P69&"'!M4:M"), INDIRECT("'"&P69&"'!N4:N"), 0, -1), 0)) -> 0 | P69: =IF(OR(F69="6",F69="5"),IF(E69="W","Punkte W 5-6","Punkte M 5-6"),IF(E69="W","Punkte W 7-9","Punkte M 7-9")) -> Punkte M 5-6 | Q69: =IF(E69="W","Noten-Matrix-Mädchen","Noten-Matrix-Jungen") -> Noten-Matrix-Jungen | R69: =SUM(I69, K69, M69, O69) - MIN(I69, K69, M69, O69) -> 299 | S69: =IF(R69=0, "Keine Teilnahme", IFERROR(IF(R69>=VLOOKUP(G69&LOWER(E69), Formeln!$H$2:$K$30, 4, FALSE), "Ehrenurkunde", IF(R69>=VLOOKUP(G69&LOWER(E69), Formeln!$H$2:$K$30, 3, FALSE), "Siegerurkunde", "Teilnehmerurkunde")), "Keine Urkunde")) -> Teilnehmerurkunde | T69: =IF(R69=0, "Keine Teilnahme", IFERROR(XLOOKUP(R69, INDEX(INDIRECT("'"&Q69&"'!A:J"), 0, MATCH(G69, INDIRECT("'"&Q69&"'!A1:J1"), 0)), INDIRECT("'"&Q69&"'!A:A"), "Keine Note", -1), "Keine Note")) -> NOTE
A70: =IF(ASV_Daten!A86="","",ASV_Daten!A86) -> R6A | B70: =IF(ASV_Daten!B86="","",ASV_Daten!B86) -> Kakpe | C70: =IF(ASV_Daten!C86="","",ASV_Daten!C86) -> Aboubacar | D70: =IF(ASV_Daten!D86="","",ASV_Daten!D86) -> 2014 | E70: =IF(ASV_Daten!E86="","",ASV_Daten!E86) -> M | F70: =MID(A70,2,1) -> 6 | G70: =2026-D70 -> 12 | H70: 0.17777778 | I70: =IF(H70="", 0, IFERROR(XLOOKUP(H70, INDIRECT("'"&P70&"'!A4:A"), INDIRECT("'"&P70&"'!B4:B"), 0, 1), 0)) -> 291 | K70: =IF(J70="", 0, IFERROR(XLOOKUP(J70, INDIRECT("'"&P70&"'!E4:E"), INDIRECT("'"&P70&"'!F4:F"), 0, 1), 0)) -> 0 | L70: 4.37 | M70: =IF(L70="", 0, IFERROR(XLOOKUP(L70, INDIRECT("'"&P70&"'!I4:I"), INDIRECT("'"&P70&"'!J4:J"), 0, -1), 0)) -> 429 | N70: 38 | O70: =IF(N70="", 0, IFERROR(XLOOKUP(N70, INDIRECT("'"&P70&"'!M4:M"), INDIRECT("'"&P70&"'!N4:N"), 0, -1), 0)) -> 305 | P70: =IF(OR(F70="6",F70="5"),IF(E70="W","Punkte W 5-6","Punkte M 5-6"),IF(E70="W","Punkte W 7-9","Punkte M 7-9")) -> Punkte M 5-6 | Q70: =IF(E70="W","Noten-Matrix-Mädchen","Noten-Matrix-Jungen") -> Noten-Matrix-Jungen | R70: =SUM(I70, K70, M70, O70) - MIN(I70, K70, M70, O70) -> 1025 | S70: =IF(R70=0, "Keine Teilnahme", IFERROR(IF(R70>=VLOOKUP(G70&LOWER(E70), Formeln!$H$2:$K$30, 4, FALSE), "Ehrenurkunde", IF(R70>=VLOOKUP(G70&LOWER(E70), Formeln!$H$2:$K$30, 3, FALSE), "Siegerurkunde", "Teilnehmerurkunde")), "Keine Urkunde")) -> Ehrenurkunde | T70: =IF(R70=0, "Keine Teilnahme", IFERROR(XLOOKUP(R70, INDEX(INDIRECT("'"&Q70&"'!A:J"), 0, MATCH(G70, INDIRECT("'"&Q70&"'!A1:J1"), 0)), INDIRECT("'"&Q70&"'!A:A"), "Keine Note", -1), "Keine Note")) -> 1.3
A71: =IF(ASV_Daten!A74="","",ASV_Daten!A74) -> R6A | B71: =IF(ASV_Daten!B74="","",ASV_Daten!B74) -> Dörflinger | C71: =IF(ASV_Daten!C74="","",ASV_Daten!C74) -> Ace | D71: =IF(ASV_Daten!D74="","",ASV_Daten!D74) -> 2014 | E71: =IF(ASV_Daten!E74="","",ASV_Daten!E74) -> M | F71: =MID(A71,2,1) -> 6 | G71: =2026-D71 -> 12 | I71: =IF(H71="", 0, IFERROR(XLOOKUP(H71, INDIRECT("'"&P71&"'!A4:A"), INDIRECT("'"&P71&"'!B4:B"), 0, 1), 0)) -> 0 | J71: 10 | K71: =IF(J71="", 0, IFERROR(XLOOKUP(J71, INDIRECT("'"&P71&"'!E4:E"), INDIRECT("'"&P71&"'!F4:F"), 0, 1), 0)) -> 158 | L71: 2.61 | M71: =IF(L71="", 0, IFERROR(XLOOKUP(L71, INDIRECT("'"&P71&"'!I4:I"), INDIRECT("'"&P71&"'!J4:J"), 0, -1), 0)) -> 212 | N71: 17.5 | O71: =IF(N71="", 0, IFERROR(XLOOKUP(N71, INDIRECT("'"&P71&"'!M4:M"), INDIRECT("'"&P71&"'!N4:N"), 0, -1), 0)) -> 125 | P71: =IF(OR(F71="6",F71="5"),IF(E71="W","Punkte W 5-6","Punkte M 5-6"),IF(E71="W","Punkte W 7-9","Punkte M 7-9")) -> Punkte M 5-6 | Q71: =IF(E71="W","Noten-Matrix-Mädchen","Noten-Matrix-Jungen") -> Noten-Matrix-Jungen | R71: =SUM(I71, K71, M71, O71) - MIN(I71, K71, M71, O71) -> 495 | S71: =IF(R71=0, "Keine Teilnahme", IFERROR(IF(R71>=VLOOKUP(G71&LOWER(E71), Formeln!$H$2:$K$30, 4, FALSE), "Ehrenurkunde", IF(R71>=VLOOKUP(G71&LOWER(E71), Formeln!$H$2:$K$30, 3, FALSE), "Siegerurkunde", "Teilnehmerurkunde")), "Keine Urkunde")) -> Teilnehmerurkunde | T71: =IF(R71=0, "Keine Teilnahme", IFERROR(XLOOKUP(R71, INDEX(INDIRECT("'"&Q71&"'!A:J"), 0, MATCH(G71, INDIRECT("'"&Q71&"'!A1:J1"), 0)), INDIRECT("'"&Q71&"'!A:A"), "Keine Note", -1), "Keine Note")) -> NOTE
A72: =IF(ASV_Daten!A89="","",ASV_Daten!A89) -> R6A | B72: =IF(ASV_Daten!B89="","",ASV_Daten!B89) -> Kleiser | C72: =IF(ASV_Daten!C89="","",ASV_Daten!C89) -> Adrian | D72: =IF(ASV_Daten!D89="","",ASV_Daten!D89) -> 2013 | E72: =IF(ASV_Daten!E89="","",ASV_Daten!E89) -> M | F72: =MID(A72,2,1) -> 6 | G72: =2026-D72 -> 13 | H72: 0.17986111 | I72: =IF(H72="", 0, IFERROR(XLOOKUP(H72, INDIRECT("'"&P72&"'!A4:A"), INDIRECT("'"&P72&"'!B4:B"), 0, 1), 0)) -> 281 | K72: =IF(J72="", 0, IFERROR(XLOOKUP(J72, INDIRECT("'"&P72&"'!E4:E"), INDIRECT("'"&P72&"'!F4:F"), 0, 1), 0)) -> 0 | L72: 3.81 | M72: =IF(L72="", 0, IFERROR(XLOOKUP(L72, INDIRECT("'"&P72&"'!I4:I"), INDIRECT("'"&P72&"'!J4:J"), 0, -1), 0)) -> 366 | N72: 24 | O72: =IF(N72="", 0, IFERROR(XLOOKUP(N72, INDIRECT("'"&P72&"'!M4:M"), INDIRECT("'"&P72&"'!N4:N"), 0, -1), 0)) -> 190 | P72: =IF(OR(F72="6",F72="5"),IF(E72="W","Punkte W 5-6","Punkte M 5-6"),IF(E72="W","Punkte W 7-9","Punkte M 7-9")) -> Punkte M 5-6 | Q72: =IF(E72="W","Noten-Matrix-Mädchen","Noten-Matrix-Jungen") -> Noten-Matrix-Jungen | R72: =SUM(I72, K72, M72, O72) - MIN(I72, K72, M72, O72) -> 837 | S72: =IF(R72=0, "Keine Teilnahme", IFERROR(IF(R72>=VLOOKUP(G72&LOWER(E72), Formeln!$H$2:$K$30, 4, FALSE), "Ehrenurkunde", IF(R72>=VLOOKUP(G72&LOWER(E72), Formeln!$H$2:$K$30, 3, FALSE), "Siegerurkunde", "Teilnehmerurkunde")), "Keine Urkunde")) -> Siegerurkunde | T72: =IF(R72=0, "Keine Teilnahme", IFERROR(XLOOKUP(R72, INDEX(INDIRECT("'"&Q72&"'!A:J"), 0, MATCH(G72, INDIRECT("'"&Q72&"'!A1:J1"), 0)), INDIRECT("'"&Q72&"'!A:A"), "Keine Note", -1), "Keine Note")) -> 2.7
A73: =IF(ASV_Daten!A101="","",ASV_Daten!A101) -> R6A | B73: =IF(ASV_Daten!B101="","",ASV_Daten!B101) -> Winterhalder | C73: =IF(ASV_Daten!C101="","",ASV_Daten!C101) -> Adrion | D73: =IF(ASV_Daten!D101="","",ASV_Daten!D101) -> 2013 | E73: =IF(ASV_Daten!E101="","",ASV_Daten!E101) -> M | F73: =MID(A73,2,1) -> 6 | G73: =2026-D73 -> 13 | H73: 0.17083333 | I73: =IF(H73="", 0, IFERROR(XLOOKUP(H73, INDIRECT("'"&P73&"'!A4:A"), INDIRECT("'"&P73&"'!B4:B"), 0, 1), 0)) -> 317 | K73: =IF(J73="", 0, IFERROR(XLOOKUP(J73, INDIRECT("'"&P73&"'!E4:E"), INDIRECT("'"&P73&"'!F4:F"), 0, 1), 0)) -> 0 | L73: 3.65 | M73: =IF(L73="", 0, IFERROR(XLOOKUP(L73, INDIRECT("'"&P73&"'!I4:I"), INDIRECT("'"&P73&"'!J4:J"), 0, -1), 0)) -> 347 | N73: 38 | O73: =IF(N73="", 0, IFERROR(XLOOKUP(N73, INDIRECT("'"&P73&"'!M4:M"), INDIRECT("'"&P73&"'!N4:N"), 0, -1), 0)) -> 305 | P73: =IF(OR(F73="6",F73="5"),IF(E73="W","Punkte W 5-6","Punkte M 5-6"),IF(E73="W","Punkte W 7-9","Punkte M 7-9")) -> Punkte M 5-6 | Q73: =IF(E73="W","Noten-Matrix-Mädchen","Noten-Matrix-Jungen") -> Noten-Matrix-Jungen | R73: =SUM(I73, K73, M73, O73) - MIN(I73, K73, M73, O73) -> 969 | S73: =IF(R73=0, "Keine Teilnahme", IFERROR(IF(R73>=VLOOKUP(G73&LOWER(E73), Formeln!$H$2:$K$30, 4, FALSE), "Ehrenurkunde", IF(R73>=VLOOKUP(G73&LOWER(E73), Formeln!$H$2:$K$30, 3, FALSE), "Siegerurkunde", "Teilnehmerurkunde")), "Keine Urkunde")) -> Siegerurkunde | T73: =IF(R73=0, "Keine Teilnahme", IFERROR(XLOOKUP(R73, INDEX(INDIRECT("'"&Q73&"'!A:J"), 0, MATCH(G73, INDIRECT("'"&Q73&"'!A1:J1"), 0)), INDIRECT("'"&Q73&"'!A:A"), "Keine Note", -1), "Keine Note")) -> 2
A74: =IF(ASV_Daten!A90="","",ASV_Daten!A90) -> R6A | B74: =IF(ASV_Daten!B90="","",ASV_Daten!B90) -> Kleiser | C74: =IF(ASV_Daten!C90="","",ASV_Daten!C90) -> Amelie | D74: =IF(ASV_Daten!D90="","",ASV_Daten!D90) -> 2013 | E74: =IF(ASV_Daten!E90="","",ASV_Daten!E90) -> W | F74: =MID(A74,2,1) -> 6 | G74: =2026-D74 -> 13 | I74: =IF(H74="", 0, IFERROR(XLOOKUP(H74, INDIRECT("'"&P74&"'!A4:A"), INDIRECT("'"&P74&"'!B4:B"), 0, 1), 0)) -> 0 | J74: 8.5 | K74: =IF(J74="", 0, IFERROR(XLOOKUP(J74, INDIRECT("'"&P74&"'!E4:E"), INDIRECT("'"&P74&"'!F4:F"), 0, 1), 0)) -> 314 | L74: 3.09 | M74: =IF(L74="", 0, IFERROR(XLOOKUP(L74, INDIRECT("'"&P74&"'!I4:I"), INDIRECT("'"&P74&"'!J4:J"), 0, -1), 0)) -> 319 | N74: 19 | O74: =IF(N74="", 0, IFERROR(XLOOKUP(N74, INDIRECT("'"&P74&"'!M4:M"), INDIRECT("'"&P74&"'!N4:N"), 0, -1), 0)) -> 267 | P74: =IF(OR(F74="6",F74="5"),IF(E74="W","Punkte W 5-6","Punkte M 5-6"),IF(E74="W","Punkte W 7-9","Punkte M 7-9")) -> Punkte W 5-6 | Q74: =IF(E74="W","Noten-Matrix-Mädchen","Noten-Matrix-Jungen") -> Noten-Matrix-Mädchen | R74: =SUM(I74, K74, M74, O74) - MIN(I74, K74, M74, O74) -> 900 | S74: =IF(R74=0, "Keine Teilnahme", IFERROR(IF(R74>=VLOOKUP(G74&LOWER(E74), Formeln!$H$2:$K$30, 4, FALSE), "Ehrenurkunde", IF(R74>=VLOOKUP(G74&LOWER(E74), Formeln!$H$2:$K$30, 3, FALSE), "Siegerurkunde", "Teilnehmerurkunde")), "Keine Urkunde")) -> Siegerurkunde | T74: =IF(R74=0, "Keine Teilnahme", IFERROR(XLOOKUP(R74, INDEX(INDIRECT("'"&Q74&"'!A:J"), 0, MATCH(G74, INDIRECT("'"&Q74&"'!A1:J1"), 0)), INDIRECT("'"&Q74&"'!A:A"), "Keine Note", -1), "Keine Note")) -> 2.2
A75: =IF(ASV_Daten!A97="","",ASV_Daten!A97) -> R6A | B75: =IF(ASV_Daten!B97="","",ASV_Daten!B97) -> Schneider | C75: =IF(ASV_Daten!C97="","",ASV_Daten!C97) -> Emilie | D75: =IF(ASV_Daten!D97="","",ASV_Daten!D97) -> 2014 | E75: =IF(ASV_Daten!E97="","",ASV_Daten!E97) -> W | F75: =MID(A75,2,1) -> 6 | G75: =2026-D75 -> 12 | I75: =IF(H75="", 0, IFERROR(XLOOKUP(H75, INDIRECT("'"&P75&"'!A4:A"), INDIRECT("'"&P75&"'!B4:B"), 0, 1), 0)) -> 0 | J75: 8 | K75: =IF(J75="", 0, IFERROR(XLOOKUP(J75, INDIRECT("'"&P75&"'!E4:E"), INDIRECT("'"&P75&"'!F4:F"), 0, 1), 0)) -> 366 | L75: 3.97 | M75: =IF(L75="", 0, IFERROR(XLOOKUP(L75, INDIRECT("'"&P75&"'!I4:I"), INDIRECT("'"&P75&"'!J4:J"), 0, -1), 0)) -> 432 | N75: 20.5 | O75: =IF(N75="", 0, IFERROR(XLOOKUP(N75, INDIRECT("'"&P75&"'!M4:M"), INDIRECT("'"&P75&"'!N4:N"), 0, -1), 0)) -> 286 | P75: =IF(OR(F75="6",F75="5"),IF(E75="W","Punkte W 5-6","Punkte M 5-6"),IF(E75="W","Punkte W 7-9","Punkte M 7-9")) -> Punkte W 5-6 | Q75: =IF(E75="W","Noten-Matrix-Mädchen","Noten-Matrix-Jungen") -> Noten-Matrix-Mädchen | R75: =SUM(I75, K75, M75, O75) - MIN(I75, K75, M75, O75) -> 1084 | S75: =IF(R75=0, "Keine Teilnahme", IFERROR(IF(R75>=VLOOKUP(G75&LOWER(E75), Formeln!$H$2:$K$30, 4, FALSE), "Ehrenurkunde", IF(R75>=VLOOKUP(G75&LOWER(E75), Formeln!$H$2:$K$30, 3, FALSE), "Siegerurkunde", "Teilnehmerurkunde")), "Keine Urkunde")) -> Ehrenurkunde | T75: =IF(R75=0, "Keine Teilnahme", IFERROR(XLOOKUP(R75, INDEX(INDIRECT("'"&Q75&"'!A:J"), 0, MATCH(G75, INDIRECT("'"&Q75&"'!A1:J1"), 0)), INDIRECT("'"&Q75&"'!A:A"), "Keine Note", -1), "Keine Note")) -> 1
A76: =IF(ASV_Daten!A92="","",ASV_Daten!A92) -> R6A | B76: =IF(ASV_Daten!B92="","",ASV_Daten!B92) -> Kling | C76: =IF(ASV_Daten!C92="","",ASV_Daten!C92) -> Eric | D76: =IF(ASV_Daten!D92="","",ASV_Daten!D92) -> 2014 | E76: =IF(ASV_Daten!E92="","",ASV_Daten!E92) -> M | F76: =MID(A76,2,1) -> 6 | G76: =2026-D76 -> 12 | I76: =IF(H76="", 0, IFERROR(XLOOKUP(H76, INDIRECT("'"&P76&"'!A4:A"), INDIRECT("'"&P76&"'!B4:B"), 0, 1), 0)) -> 0 | J76: 8.8 | K76: =IF(J76="", 0, IFERROR(XLOOKUP(J76, INDIRECT("'"&P76&"'!E4:E"), INDIRECT("'"&P76&"'!F4:F"), 0, 1), 0)) -> 252 | L76: 3.57 | M76: =IF(L76="", 0, IFERROR(XLOOKUP(L76, INDIRECT("'"&P76&"'!I4:I"), INDIRECT("'"&P76&"'!J4:J"), 0, -1), 0)) -> 337 | N76: 31 | O76: =IF(N76="", 0, IFERROR(XLOOKUP(N76, INDIRECT("'"&P76&"'!M4:M"), INDIRECT("'"&P76&"'!N4:N"), 0, -1), 0)) -> 251 | P76: =IF(OR(F76="6",F76="5"),IF(E76="W","Punkte W 5-6","Punkte M 5-6"),IF(E76="W","Punkte W 7-9","Punkte M 7-9")) -> Punkte M 5-6 | Q76: =IF(E76="W","Noten-Matrix-Mädchen","Noten-Matrix-Jungen") -> Noten-Matrix-Jungen | R76: =SUM(I76, K76, M76, O76) - MIN(I76, K76, M76, O76) -> 840 | S76: =IF(R76=0, "Keine Teilnahme", IFERROR(IF(R76>=VLOOKUP(G76&LOWER(E76), Formeln!$H$2:$K$30, 4, FALSE), "Ehrenurkunde", IF(R76>=VLOOKUP(G76&LOWER(E76), Formeln!$H$2:$K$30, 3, FALSE), "Siegerurkunde", "Teilnehmerurkunde")), "Keine Urkunde")) -> Siegerurkunde | T76: =IF(R76=0, "Keine Teilnahme", IFERROR(XLOOKUP(R76, INDEX(INDIRECT("'"&Q76&"'!A:J"), 0, MATCH(G76, INDIRECT("'"&Q76&"'!A1:J1"), 0)), INDIRECT("'"&Q76&"'!A:A"), "Keine Note", -1), "Keine Note")) -> 2.2
A77: =IF(ASV_Daten!A71="","",ASV_Daten!A71) -> R6A | B77: =IF(ASV_Daten!B71="","",ASV_Daten!B71) -> Becker | C77: =IF(ASV_Daten!C71="","",ASV_Daten!C71) -> Eva-Marie | D77: =IF(ASV_Daten!D71="","",ASV_Daten!D71) -> 2014 | E77: =IF(ASV_Daten!E71="","",ASV_Daten!E71) -> W | F77: =MID(A77,2,1) -> 6 | G77: =2026-D77 -> 12 | I77: =IF(H77="", 0, IFERROR(XLOOKUP(H77, INDIRECT("'"&P77&"'!A4:A"), INDIRECT("'"&P77&"'!B4:B"), 0, 1), 0)) -> 0 | K77: =IF(J77="", 0, IFERROR(XLOOKUP(J77, INDIRECT("'"&P77&"'!E4:E"), INDIRECT("'"&P77&"'!F4:F"), 0, 1), 0)) -> 0 | M77: =IF(L77="", 0, IFERROR(XLOOKUP(L77, INDIRECT("'"&P77&"'!I4:I"), INDIRECT("'"&P77&"'!J4:J"), 0, -1), 0)) -> 0 | O77: =IF(N77="", 0, IFERROR(XLOOKUP(N77, INDIRECT("'"&P77&"'!M4:M"), INDIRECT("'"&P77&"'!N4:N"), 0, -1), 0)) -> 0 | P77: =IF(OR(F77="6",F77="5"),IF(E77="W","Punkte W 5-6","Punkte M 5-6"),IF(E77="W","Punkte W 7-9","Punkte M 7-9")) -> Punkte W 5-6 | Q77: =IF(E77="W","Noten-Matrix-Mädchen","Noten-Matrix-Jungen") -> Noten-Matrix-Mädchen | R77: =SUM(I77, K77, M77, O77) - MIN(I77, K77, M77, O77) -> 0 | S77: =IF(R77=0, "Keine Teilnahme", IFERROR(IF(R77>=VLOOKUP(G77&LOWER(E77), Formeln!$H$2:$K$30, 4, FALSE), "Ehrenurkunde", IF(R77>=VLOOKUP(G77&LOWER(E77), Formeln!$H$2:$K$30, 3, FALSE), "Siegerurkunde", "Teilnehmerurkunde")), "Keine Urkunde")) -> Keine Teilnahme | T77: =IF(R77=0, "Keine Teilnahme", IFERROR(XLOOKUP(R77, INDEX(INDIRECT("'"&Q77&"'!A:J"), 0, MATCH(G77, INDIRECT("'"&Q77&"'!A1:J1"), 0)), INDIRECT("'"&Q77&"'!A:A"), "Keine Note", -1), "Keine Note")) -> Keine Teilnahme
A78: =IF(ASV_Daten!A82="","",ASV_Daten!A82) -> R6A | B78: =IF(ASV_Daten!B82="","",ASV_Daten!B82) -> Greiner-Adam | C78: =IF(ASV_Daten!C82="","",ASV_Daten!C82) -> Felix | D78: =IF(ASV_Daten!D82="","",ASV_Daten!D82) -> 2013 | E78: =IF(ASV_Daten!E82="","",ASV_Daten!E82) -> M | F78: =MID(A78,2,1) -> 6 | G78: =2026-D78 -> 13 | I78: =IF(H78="", 0, IFERROR(XLOOKUP(H78, INDIRECT("'"&P78&"'!A4:A"), INDIRECT("'"&P78&"'!B4:B"), 0, 1), 0)) -> 0 | J78: 9.2 | K78: =IF(J78="", 0, IFERROR(XLOOKUP(J78, INDIRECT("'"&P78&"'!E4:E"), INDIRECT("'"&P78&"'!F4:F"), 0, 1), 0)) -> 218 | L78: 3.05 | M78: =IF(L78="", 0, IFERROR(XLOOKUP(L78, INDIRECT("'"&P78&"'!I4:I"), INDIRECT("'"&P78&"'!J4:J"), 0, -1), 0)) -> 272 | N78: 22 | O78: =IF(N78="", 0, IFERROR(XLOOKUP(N78, INDIRECT("'"&P78&"'!M4:M"), INDIRECT("'"&P78&"'!N4:N"), 0, -1), 0)) -> 171 | P78: =IF(OR(F78="6",F78="5"),IF(E78="W","Punkte W 5-6","Punkte M 5-6"),IF(E78="W","Punkte W 7-9","Punkte M 7-9")) -> Punkte M 5-6 | Q78: =IF(E78="W","Noten-Matrix-Mädchen","Noten-Matrix-Jungen") -> Noten-Matrix-Jungen | R78: =SUM(I78, K78, M78, O78) - MIN(I78, K78, M78, O78) -> 661 | S78: =IF(R78=0, "Keine Teilnahme", IFERROR(IF(R78>=VLOOKUP(G78&LOWER(E78), Formeln!$H$2:$K$30, 4, FALSE), "Ehrenurkunde", IF(R78>=VLOOKUP(G78&LOWER(E78), Formeln!$H$2:$K$30, 3, FALSE), "Siegerurkunde", "Teilnehmerurkunde")), "Keine Urkunde")) -> Teilnehmerurkunde | T78: =IF(R78=0, "Keine Teilnahme", IFERROR(XLOOKUP(R78, INDEX(INDIRECT("'"&Q78&"'!A:J"), 0, MATCH(G78, INDIRECT("'"&Q78&"'!A1:J1"), 0)), INDIRECT("'"&Q78&"'!A:A"), "Keine Note", -1), "Keine Note")) -> 4
A79: =IF(ASV_Daten!A75="","",ASV_Daten!A75) -> R6A | B79: =IF(ASV_Daten!B75="","",ASV_Daten!B75) -> Dreher | C79: =IF(ASV_Daten!C75="","",ASV_Daten!C75) -> Hannah | D79: =IF(ASV_Daten!D75="","",ASV_Daten!D75) -> 2014 | E79: =IF(ASV_Daten!E75="","",ASV_Daten!E75) -> W | F79: =MID(A79,2,1) -> 6 | G79: =2026-D79 -> 12 | I79: =IF(H79="", 0, IFERROR(XLOOKUP(H79, INDIRECT("'"&P79&"'!A4:A"), INDIRECT("'"&P79&"'!B4:B"), 0, 1), 0)) -> 0 | J79: 9.6 | K79: =IF(J79="", 0, IFERROR(XLOOKUP(J79, INDIRECT("'"&P79&"'!E4:E"), INDIRECT("'"&P79&"'!F4:F"), 0, 1), 0)) -> 217 | L79: 2.89 | M79: =IF(L79="", 0, IFERROR(XLOOKUP(L79, INDIRECT("'"&P79&"'!I4:I"), INDIRECT("'"&P79&"'!J4:J"), 0, -1), 0)) -> 291 | N79: 12.5 | O79: =IF(N79="", 0, IFERROR(XLOOKUP(N79, INDIRECT("'"&P79&"'!M4:M"), INDIRECT("'"&P79&"'!N4:N"), 0, -1), 0)) -> 173 | P79: =IF(OR(F79="6",F79="5"),IF(E79="W","Punkte W 5-6","Punkte M 5-6"),IF(E79="W","Punkte W 7-9","Punkte M 7-9")) -> Punkte W 5-6 | Q79: =IF(E79="W","Noten-Matrix-Mädchen","Noten-Matrix-Jungen") -> Noten-Matrix-Mädchen | R79: =SUM(I79, K79, M79, O79) - MIN(I79, K79, M79, O79) -> 681 | S79: =IF(R79=0, "Keine Teilnahme", IFERROR(IF(R79>=VLOOKUP(G79&LOWER(E79), Formeln!$H$2:$K$30, 4, FALSE), "Ehrenurkunde", IF(R79>=VLOOKUP(G79&LOWER(E79), Formeln!$H$2:$K$30, 3, FALSE), "Siegerurkunde", "Teilnehmerurkunde")), "Keine Urkunde")) -> Teilnehmerurkunde | T79: =IF(R79=0, "Keine Teilnahme", IFERROR(XLOOKUP(R79, INDEX(INDIRECT("'"&Q79&"'!A:J"), 0, MATCH(G79, INDIRECT("'"&Q79&"'!A1:J1"), 0)), INDIRECT("'"&Q79&"'!A:A"), "Keine Note", -1), "Keine Note")) -> 3.4
A80: =IF(ASV_Daten!A84="","",ASV_Daten!A84) -> R6A | B80: =IF(ASV_Daten!B84="","",ASV_Daten!B84) -> Janke | C80: =IF(ASV_Daten!C84="","",ASV_Daten!C84) -> Irina | D80: =IF(ASV_Daten!D84="","",ASV_Daten!D84) -> 2012 | E80: =IF(ASV_Daten!E84="","",ASV_Daten!E84) -> W | F80: =MID(A80,2,1) -> 6 | G80: =2026-D80 -> 14 | I80: =IF(H80="", 0, IFERROR(XLOOKUP(H80, INDIRECT("'"&P80&"'!A4:A"), INDIRECT("'"&P80&"'!B4:B"), 0, 1), 0)) -> 0 | K80: =IF(J80="", 0, IFERROR(XLOOKUP(J80, INDIRECT("'"&P80&"'!E4:E"), INDIRECT("'"&P80&"'!F4:F"), 0, 1), 0)) -> 0 | M80: =IF(L80="", 0, IFERROR(XLOOKUP(L80, INDIRECT("'"&P80&"'!I4:I"), INDIRECT("'"&P80&"'!J4:J"), 0, -1), 0)) -> 0 | O80: =IF(N80="", 0, IFERROR(XLOOKUP(N80, INDIRECT("'"&P80&"'!M4:M"), INDIRECT("'"&P80&"'!N4:N"), 0, -1), 0)) -> 0 | P80: =IF(OR(F80="6",F80="5"),IF(E80="W","Punkte W 5-6","Punkte M 5-6"),IF(E80="W","Punkte W 7-9","Punkte M 7-9")) -> Punkte W 5-6 | Q80: =IF(E80="W","Noten-Matrix-Mädchen","Noten-Matrix-Jungen") -> Noten-Matrix-Mädchen | R80: =SUM(I80, K80, M80, O80) - MIN(I80, K80, M80, O80) -> 0 | S80: =IF(R80=0, "Keine Teilnahme", IFERROR(IF(R80>=VLOOKUP(G80&LOWER(E80), Formeln!$H$2:$K$30, 4, FALSE), "Ehrenurkunde", IF(R80>=VLOOKUP(G80&LOWER(E80), Formeln!$H$2:$K$30, 3, FALSE), "Siegerurkunde", "Teilnehmerurkunde")), "Keine Urkunde")) -> Keine Teilnahme | T80: =IF(R80=0, "Keine Teilnahme", IFERROR(XLOOKUP(R80, INDEX(INDIRECT("'"&Q80&"'!A:J"), 0, MATCH(G80, INDIRECT("'"&Q80&"'!A1:J1"), 0)), INDIRECT("'"&Q80&"'!A:A"), "Keine Note", -1), "Keine Note")) -> Keine Teilnahme
A81: =IF(ASV_Daten!A77="","",ASV_Daten!A77) -> R6A | B81: =IF(ASV_Daten!B77="","",ASV_Daten!B77) -> Eberl | C81: =IF(ASV_Daten!C77="","",ASV_Daten!C77) -> Jamie | D81: =IF(ASV_Daten!D77="","",ASV_Daten!D77) -> 2013 | E81: =IF(ASV_Daten!E77="","",ASV_Daten!E77) -> M | F81: =MID(A81,2,1) -> 6 | G81: =2026-D81 -> 13 | I81: =IF(H81="", 0, IFERROR(XLOOKUP(H81, INDIRECT("'"&P81&"'!A4:A"), INDIRECT("'"&P81&"'!B4:B"), 0, 1), 0)) -> 0 | K81: =IF(J81="", 0, IFERROR(XLOOKUP(J81, INDIRECT("'"&P81&"'!E4:E"), INDIRECT("'"&P81&"'!F4:F"), 0, 1), 0)) -> 0 | M81: =IF(L81="", 0, IFERROR(XLOOKUP(L81, INDIRECT("'"&P81&"'!I4:I"), INDIRECT("'"&P81&"'!J4:J"), 0, -1), 0)) -> 0 | O81: =IF(N81="", 0, IFERROR(XLOOKUP(N81, INDIRECT("'"&P81&"'!M4:M"), INDIRECT("'"&P81&"'!N4:N"), 0, -1), 0)) -> 0 | P81: =IF(OR(F81="6",F81="5"),IF(E81="W","Punkte W 5-6","Punkte M 5-6"),IF(E81="W","Punkte W 7-9","Punkte M 7-9")) -> Punkte M 5-6 | Q81: =IF(E81="W","Noten-Matrix-Mädchen","Noten-Matrix-Jungen") -> Noten-Matrix-Jungen | R81: =SUM(I81, K81, M81, O81) - MIN(I81, K81, M81, O81) -> 0 | S81: =IF(R81=0, "Keine Teilnahme", IFERROR(IF(R81>=VLOOKUP(G81&LOWER(E81), Formeln!$H$2:$K$30, 4, FALSE), "Ehrenurkunde", IF(R81>=VLOOKUP(G81&LOWER(E81), Formeln!$H$2:$K$30, 3, FALSE), "Siegerurkunde", "Teilnehmerurkunde")), "Keine Urkunde")) -> Keine Teilnahme | T81: =IF(R81=0, "Keine Teilnahme", IFERROR(XLOOKUP(R81, INDEX(INDIRECT("'"&Q81&"'!A:J"), 0, MATCH(G81, INDIRECT("'"&Q81&"'!A1:J1"), 0)), INDIRECT("'"&Q81&"'!A:A"), "Keine Note", -1), "Keine Note")) -> Keine Teilnahme
A82: =IF(ASV_Daten!A98="","",ASV_Daten!A98) -> R6A | B82: =IF(ASV_Daten!B98="","",ASV_Daten!B98) -> Sejnalow | C82: =IF(ASV_Daten!C98="","",ASV_Daten!C98) -> Jasmina | D82: =IF(ASV_Daten!D98="","",ASV_Daten!D98) -> 2013 | E82: =IF(ASV_Daten!E98="","",ASV_Daten!E98) -> W | F82: =MID(A82,2,1) -> 6 | G82: =2026-D82 -> 13 | I82: =IF(H82="", 0, IFERROR(XLOOKUP(H82, INDIRECT("'"&P82&"'!A4:A"), INDIRECT("'"&P82&"'!B4:B"), 0, 1), 0)) -> 0 | K82: =IF(J82="", 0, IFERROR(XLOOKUP(J82, INDIRECT("'"&P82&"'!E4:E"), INDIRECT("'"&P82&"'!F4:F"), 0, 1), 0)) -> 0 | M82: =IF(L82="", 0, IFERROR(XLOOKUP(L82, INDIRECT("'"&P82&"'!I4:I"), INDIRECT("'"&P82&"'!J4:J"), 0, -1), 0)) -> 0 | O82: =IF(N82="", 0, IFERROR(XLOOKUP(N82, INDIRECT("'"&P82&"'!M4:M"), INDIRECT("'"&P82&"'!N4:N"), 0, -1), 0)) -> 0 | P82: =IF(OR(F82="6",F82="5"),IF(E82="W","Punkte W 5-6","Punkte M 5-6"),IF(E82="W","Punkte W 7-9","Punkte M 7-9")) -> Punkte W 5-6 | Q82: =IF(E82="W","Noten-Matrix-Mädchen","Noten-Matrix-Jungen") -> Noten-Matrix-Mädchen | R82: =SUM(I82, K82, M82, O82) - MIN(I82, K82, M82, O82) -> 0 | S82: =IF(R82=0, "Keine Teilnahme", IFERROR(IF(R82>=VLOOKUP(G82&LOWER(E82), Formeln!$H$2:$K$30, 4, FALSE), "Ehrenurkunde", IF(R82>=VLOOKUP(G82&LOWER(E82), Formeln!$H$2:$K$30, 3, FALSE), "Siegerurkunde", "Teilnehmerurkunde")), "Keine Urkunde")) -> Keine Teilnahme | T82: =IF(R82=0, "Keine Teilnahme", IFERROR(XLOOKUP(R82, INDEX(INDIRECT("'"&Q82&"'!A:J"), 0, MATCH(G82, INDIRECT("'"&Q82&"'!A1:J1"), 0)), INDIRECT("'"&Q82&"'!A:A"), "Keine Note", -1), "Keine Note")) -> Keine Teilnahme
A83: =IF(ASV_Daten!A87="","",ASV_Daten!A87) -> R6A | B83: =IF(ASV_Daten!B87="","",ASV_Daten!B87) -> Kastrati | C83: =IF(ASV_Daten!C87="","",ASV_Daten!C87) -> Joel | D83: =IF(ASV_Daten!D87="","",ASV_Daten!D87) -> 2013 | E83: =IF(ASV_Daten!E87="","",ASV_Daten!E87) -> M | F83: =MID(A83,2,1) -> 6 | G83: =2026-D83 -> 13 | I83: =IF(H83="", 0, IFERROR(XLOOKUP(H83, INDIRECT("'"&P83&"'!A4:A"), INDIRECT("'"&P83&"'!B4:B"), 0, 1), 0)) -> 0 | K83: =IF(J83="", 0, IFERROR(XLOOKUP(J83, INDIRECT("'"&P83&"'!E4:E"), INDIRECT("'"&P83&"'!F4:F"), 0, 1), 0)) -> 0 | M83: =IF(L83="", 0, IFERROR(XLOOKUP(L83, INDIRECT("'"&P83&"'!I4:I"), INDIRECT("'"&P83&"'!J4:J"), 0, -1), 0)) -> 0 | O83: =IF(N83="", 0, IFERROR(XLOOKUP(N83, INDIRECT("'"&P83&"'!M4:M"), INDIRECT("'"&P83&"'!N4:N"), 0, -1), 0)) -> 0 | P83: =IF(OR(F83="6",F83="5"),IF(E83="W","Punkte W 5-6","Punkte M 5-6"),IF(E83="W","Punkte W 7-9","Punkte M 7-9")) -> Punkte M 5-6 | Q83: =IF(E83="W","Noten-Matrix-Mädchen","Noten-Matrix-Jungen") -> Noten-Matrix-Jungen | R83: =SUM(I83, K83, M83, O83) - MIN(I83, K83, M83, O83) -> 0 | S83: =IF(R83=0, "Keine Teilnahme", IFERROR(IF(R83>=VLOOKUP(G83&LOWER(E83), Formeln!$H$2:$K$30, 4, FALSE), "Ehrenurkunde", IF(R83>=VLOOKUP(G83&LOWER(E83), Formeln!$H$2:$K$30, 3, FALSE), "Siegerurkunde", "Teilnehmerurkunde")), "Keine Urkunde")) -> Keine Teilnahme | T83: =IF(R83=0, "Keine Teilnahme", IFERROR(XLOOKUP(R83, INDEX(INDIRECT("'"&Q83&"'!A:J"), 0, MATCH(G83, INDIRECT("'"&Q83&"'!A1:J1"), 0)), INDIRECT("'"&Q83&"'!A:A"), "Keine Note", -1), "Keine Note")) -> Keine Teilnahme
A84: =IF(ASV_Daten!A70="","",ASV_Daten!A70) -> R6A | B84: =IF(ASV_Daten!B70="","",ASV_Daten!B70) -> Basic | C84: =IF(ASV_Daten!C70="","",ASV_Daten!C70) -> Kerim | D84: =IF(ASV_Daten!D70="","",ASV_Daten!D70) -> 2013 | E84: =IF(ASV_Daten!E70="","",ASV_Daten!E70) -> M | F84: =MID(A84,2,1) -> 6 | G84: =2026-D84 -> 13 | I84: =IF(H84="", 0, IFERROR(XLOOKUP(H84, INDIRECT("'"&P84&"'!A4:A"), INDIRECT("'"&P84&"'!B4:B"), 0, 1), 0)) -> 0 | J84: 7.2 | K84: =IF(J84="", 0, IFERROR(XLOOKUP(J84, INDIRECT("'"&P84&"'!E4:E"), INDIRECT("'"&P84&"'!F4:F"), 0, 1), 0)) -> 424 | L84: 3.53 | M84: =IF(L84="", 0, IFERROR(XLOOKUP(L84, INDIRECT("'"&P84&"'!I4:I"), INDIRECT("'"&P84&"'!J4:J"), 0, -1), 0)) -> 332 | N84: 45 | O84: =IF(N84="", 0, IFERROR(XLOOKUP(N84, INDIRECT("'"&P84&"'!M4:M"), INDIRECT("'"&P84&"'!N4:N"), 0, -1), 0)) -> 355 | P84: =IF(OR(F84="6",F84="5"),IF(E84="W","Punkte W 5-6","Punkte M 5-6"),IF(E84="W","Punkte W 7-9","Punkte M 7-9")) -> Punkte M 5-6 | Q84: =IF(E84="W","Noten-Matrix-Mädchen","Noten-Matrix-Jungen") -> Noten-Matrix-Jungen | R84: =SUM(I84, K84, M84, O84) - MIN(I84, K84, M84, O84) -> 1111 | S84: =IF(R84=0, "Keine Teilnahme", IFERROR(IF(R84>=VLOOKUP(G84&LOWER(E84), Formeln!$H$2:$K$30, 4, FALSE), "Ehrenurkunde", IF(R84>=VLOOKUP(G84&LOWER(E84), Formeln!$H$2:$K$30, 3, FALSE), "Siegerurkunde", "Teilnehmerurkunde")), "Keine Urkunde")) -> Ehrenurkunde | T84: =IF(R84=0, "Keine Teilnahme", IFERROR(XLOOKUP(R84, INDEX(INDIRECT("'"&Q84&"'!A:J"), 0, MATCH(G84, INDIRECT("'"&Q84&"'!A1:J1"), 0)), INDIRECT("'"&Q84&"'!A:A"), "Keine Note", -1), "Keine Note")) -> 1.2
A85: =IF(ASV_Daten!A81="","",ASV_Daten!A81) -> R6A | B85: =IF(ASV_Daten!B81="","",ASV_Daten!B81) -> Glöde | C85: =IF(ASV_Daten!C81="","",ASV_Daten!C81) -> Leonie | D85: =IF(ASV_Daten!D81="","",ASV_Daten!D81) -> 2013 | E85: =IF(ASV_Daten!E81="","",ASV_Daten!E81) -> W | F85: =MID(A85,2,1) -> 6 | G85: =2026-D85 -> 13 | I85: =IF(H85="", 0, IFERROR(XLOOKUP(H85, INDIRECT("'"&P85&"'!A4:A"), INDIRECT("'"&P85&"'!B4:B"), 0, 1), 0)) -> 0 | K85: =IF(J85="", 0, IFERROR(XLOOKUP(J85, INDIRECT("'"&P85&"'!E4:E"), INDIRECT("'"&P85&"'!F4:F"), 0, 1), 0)) -> 0 | M85: =IF(L85="", 0, IFERROR(XLOOKUP(L85, INDIRECT("'"&P85&"'!I4:I"), INDIRECT("'"&P85&"'!J4:J"), 0, -1), 0)) -> 0 | O85: =IF(N85="", 0, IFERROR(XLOOKUP(N85, INDIRECT("'"&P85&"'!M4:M"), INDIRECT("'"&P85&"'!N4:N"), 0, -1), 0)) -> 0 | P85: =IF(OR(F85="6",F85="5"),IF(E85="W","Punkte W 5-6","Punkte M 5-6"),IF(E85="W","Punkte W 7-9","Punkte M 7-9")) -> Punkte W 5-6 | Q85: =IF(E85="W","Noten-Matrix-Mädchen","Noten-Matrix-Jungen") -> Noten-Matrix-Mädchen | R85: =SUM(I85, K85, M85, O85) - MIN(I85, K85, M85, O85) -> 0 | S85: =IF(R85=0, "Keine Teilnahme", IFERROR(IF(R85>=VLOOKUP(G85&LOWER(E85), Formeln!$H$2:$K$30, 4, FALSE), "Ehrenurkunde", IF(R85>=VLOOKUP(G85&LOWER(E85), Formeln!$H$2:$K$30, 3, FALSE), "Siegerurkunde", "Teilnehmerurkunde")), "Keine Urkunde")) -> Keine Teilnahme | T85: =IF(R85=0, "Keine Teilnahme", IFERROR(XLOOKUP(R85, INDEX(INDIRECT("'"&Q85&"'!A:J"), 0, MATCH(G85, INDIRECT("'"&Q85&"'!A1:J1"), 0)), INDIRECT("'"&Q85&"'!A:A"), "Keine Note", -1), "Keine Note")) -> Keine Teilnahme
A86: =IF(ASV_Daten!A94="","",ASV_Daten!A94) -> R6A | B86: =IF(ASV_Daten!B94="","",ASV_Daten!B94) -> Kura | C86: =IF(ASV_Daten!C94="","",ASV_Daten!C94) -> Liam | D86: =IF(ASV_Daten!D94="","",ASV_Daten!D94) -> 2013 | E86: =IF(ASV_Daten!E94="","",ASV_Daten!E94) -> M | F86: =MID(A86,2,1) -> 6 | G86: =2026-D86 -> 13 | I86: =IF(H86="", 0, IFERROR(XLOOKUP(H86, INDIRECT("'"&P86&"'!A4:A"), INDIRECT("'"&P86&"'!B4:B"), 0, 1), 0)) -> 0 | K86: =IF(J86="", 0, IFERROR(XLOOKUP(J86, INDIRECT("'"&P86&"'!E4:E"), INDIRECT("'"&P86&"'!F4:F"), 0, 1), 0)) -> 0 | M86: =IF(L86="", 0, IFERROR(XLOOKUP(L86, INDIRECT("'"&P86&"'!I4:I"), INDIRECT("'"&P86&"'!J4:J"), 0, -1), 0)) -> 0 | O86: =IF(N86="", 0, IFERROR(XLOOKUP(N86, INDIRECT("'"&P86&"'!M4:M"), INDIRECT("'"&P86&"'!N4:N"), 0, -1), 0)) -> 0 | P86: =IF(OR(F86="6",F86="5"),IF(E86="W","Punkte W 5-6","Punkte M 5-6"),IF(E86="W","Punkte W 7-9","Punkte M 7-9")) -> Punkte M 5-6 | Q86: =IF(E86="W","Noten-Matrix-Mädchen","Noten-Matrix-Jungen") -> Noten-Matrix-Jungen | R86: =SUM(I86, K86, M86, O86) - MIN(I86, K86, M86, O86) -> 0 | S86: =IF(R86=0, "Keine Teilnahme", IFERROR(IF(R86>=VLOOKUP(G86&LOWER(E86), Formeln!$H$2:$K$30, 4, FALSE), "Ehrenurkunde", IF(R86>=VLOOKUP(G86&LOWER(E86), Formeln!$H$2:$K$30, 3, FALSE), "Siegerurkunde", "Teilnehmerurkunde")), "Keine Urkunde")) -> Keine Teilnahme | T86: =IF(R86=0, "Keine Teilnahme", IFERROR(XLOOKUP(R86, INDEX(INDIRECT("'"&Q86&"'!A:J"), 0, MATCH(G86, INDIRECT("'"&Q86&"'!A1:J1"), 0)), INDIRECT("'"&Q86&"'!A:A"), "Keine Note", -1), "Keine Note")) -> Keine Teilnahme
A87: =IF(ASV_Daten!A83="","",ASV_Daten!A83) -> R6A | B87: =IF(ASV_Daten!B83="","",ASV_Daten!B83) -> Hofmeier | C87: =IF(ASV_Daten!C83="","",ASV_Daten!C83) -> Lukas | D87: =IF(ASV_Daten!D83="","",ASV_Daten!D83) -> 2013 | E87: =IF(ASV_Daten!E83="","",ASV_Daten!E83) -> M | F87: =MID(A87,2,1) -> 6 | G87: =2026-D87 -> 13 | H87: 0.17777778 | I87: =IF(H87="", 0, IFERROR(XLOOKUP(H87, INDIRECT("'"&P87&"'!A4:A"), INDIRECT("'"&P87&"'!B4:B"), 0, 1), 0)) -> 291 | K87: =IF(J87="", 0, IFERROR(XLOOKUP(J87, INDIRECT("'"&P87&"'!E4:E"), INDIRECT("'"&P87&"'!F4:F"), 0, 1), 0)) -> 0 | L87: 3.37 | M87: =IF(L87="", 0, IFERROR(XLOOKUP(L87, INDIRECT("'"&P87&"'!I4:I"), INDIRECT("'"&P87&"'!J4:J"), 0, -1), 0)) -> 313 | N87: 20 | O87: =IF(N87="", 0, IFERROR(XLOOKUP(N87, INDIRECT("'"&P87&"'!M4:M"), INDIRECT("'"&P87&"'!N4:N"), 0, -1), 0)) -> 152 | P87: =IF(OR(F87="6",F87="5"),IF(E87="W","Punkte W 5-6","Punkte M 5-6"),IF(E87="W","Punkte W 7-9","Punkte M 7-9")) -> Punkte M 5-6 | Q87: =IF(E87="W","Noten-Matrix-Mädchen","Noten-Matrix-Jungen") -> Noten-Matrix-Jungen | R87: =SUM(I87, K87, M87, O87) - MIN(I87, K87, M87, O87) -> 756 | S87: =IF(R87=0, "Keine Teilnahme", IFERROR(IF(R87>=VLOOKUP(G87&LOWER(E87), Formeln!$H$2:$K$30, 4, FALSE), "Ehrenurkunde", IF(R87>=VLOOKUP(G87&LOWER(E87), Formeln!$H$2:$K$30, 3, FALSE), "Siegerurkunde", "Teilnehmerurkunde")), "Keine Urkunde")) -> Teilnehmerurkunde | T87: =IF(R87=0, "Keine Teilnahme", IFERROR(XLOOKUP(R87, INDEX(INDIRECT("'"&Q87&"'!A:J"), 0, MATCH(G87, INDIRECT("'"&Q87&"'!A1:J1"), 0)), INDIRECT("'"&Q87&"'!A:A"), "Keine Note", -1), "Keine Note")) -> 3.2
A88: =IF(ASV_Daten!A69="","",ASV_Daten!A69) -> R6A | B88: =IF(ASV_Daten!B69="","",ASV_Daten!B69) -> Alyhya | C88: =IF(ASV_Daten!C69="","",ASV_Daten!C69) -> Malake | D88: =IF(ASV_Daten!D69="","",ASV_Daten!D69) -> 2013 | E88: =IF(ASV_Daten!E69="","",ASV_Daten!E69) -> W | F88: =MID(A88,2,1) -> 6 | G88: =2026-D88 -> 13 | I88: =IF(H88="", 0, IFERROR(XLOOKUP(H88, INDIRECT("'"&P88&"'!A4:A"), INDIRECT("'"&P88&"'!B4:B"), 0, 1), 0)) -> 0 | J88: 10.3 | K88: =IF(J88="", 0, IFERROR(XLOOKUP(J88, INDIRECT("'"&P88&"'!E4:E"), INDIRECT("'"&P88&"'!F4:F"), 0, 1), 0)) -> 166 | L88: 2.68 | M88: =IF(L88="", 0, IFERROR(XLOOKUP(L88, INDIRECT("'"&P88&"'!I4:I"), INDIRECT("'"&P88&"'!J4:J"), 0, -1), 0)) -> 256 | N88: 17.5 | O88: =IF(N88="", 0, IFERROR(XLOOKUP(N88, INDIRECT("'"&P88&"'!M4:M"), INDIRECT("'"&P88&"'!N4:N"), 0, -1), 0)) -> 247 | P88: =IF(OR(F88="6",F88="5"),IF(E88="W","Punkte W 5-6","Punkte M 5-6"),IF(E88="W","Punkte W 7-9","Punkte M 7-9")) -> Punkte W 5-6 | Q88: =IF(E88="W","Noten-Matrix-Mädchen","Noten-Matrix-Jungen") -> Noten-Matrix-Mädchen | R88: =SUM(I88, K88, M88, O88) - MIN(I88, K88, M88, O88) -> 669 | S88: =IF(R88=0, "Keine Teilnahme", IFERROR(IF(R88>=VLOOKUP(G88&LOWER(E88), Formeln!$H$2:$K$30, 4, FALSE), "Ehrenurkunde", IF(R88>=VLOOKUP(G88&LOWER(E88), Formeln!$H$2:$K$30, 3, FALSE), "Siegerurkunde", "Teilnehmerurkunde")), "Keine Urkunde")) -> Teilnehmerurkunde | T88: =IF(R88=0, "Keine Teilnahme", IFERROR(XLOOKUP(R88, INDEX(INDIRECT("'"&Q88&"'!A:J"), 0, MATCH(G88, INDIRECT("'"&Q88&"'!A1:J1"), 0)), INDIRECT("'"&Q88&"'!A:A"), "Keine Note", -1), "Keine Note")) -> 3.9
A89: =IF(ASV_Daten!A91="","",ASV_Daten!A91) -> R6A | B89: =IF(ASV_Daten!B91="","",ASV_Daten!B91) -> Kleiser | C89: =IF(ASV_Daten!C91="","",ASV_Daten!C91) -> Marcel | D89: =IF(ASV_Daten!D91="","",ASV_Daten!D91) -> 2014 | E89: =IF(ASV_Daten!E91="","",ASV_Daten!E91) -> M | F89: =MID(A89,2,1) -> 6 | G89: =2026-D89 -> 12 | I89: =IF(H89="", 0, IFERROR(XLOOKUP(H89, INDIRECT("'"&P89&"'!A4:A"), INDIRECT("'"&P89&"'!B4:B"), 0, 1), 0)) -> 0 | J89: 9 | K89: =IF(J89="", 0, IFERROR(XLOOKUP(J89, INDIRECT("'"&P89&"'!E4:E"), INDIRECT("'"&P89&"'!F4:F"), 0, 1), 0)) -> 234 | L89: 2.81 | M89: =IF(L89="", 0, IFERROR(XLOOKUP(L89, INDIRECT("'"&P89&"'!I4:I"), INDIRECT("'"&P89&"'!J4:J"), 0, -1), 0)) -> 240 | N89: 29 | O89: =IF(N89="", 0, IFERROR(XLOOKUP(N89, INDIRECT("'"&P89&"'!M4:M"), INDIRECT("'"&P89&"'!N4:N"), 0, -1), 0)) -> 235 | P89: =IF(OR(F89="6",F89="5"),IF(E89="W","Punkte W 5-6","Punkte M 5-6"),IF(E89="W","Punkte W 7-9","Punkte M 7-9")) -> Punkte M 5-6 | Q89: =IF(E89="W","Noten-Matrix-Mädchen","Noten-Matrix-Jungen") -> Noten-Matrix-Jungen | R89: =SUM(I89, K89, M89, O89) - MIN(I89, K89, M89, O89) -> 709 | S89: =IF(R89=0, "Keine Teilnahme", IFERROR(IF(R89>=VLOOKUP(G89&LOWER(E89), Formeln!$H$2:$K$30, 4, FALSE), "Ehrenurkunde", IF(R89>=VLOOKUP(G89&LOWER(E89), Formeln!$H$2:$K$30, 3, FALSE), "Siegerurkunde", "Teilnehmerurkunde")), "Keine Urkunde")) -> Teilnehmerurkunde | T89: =IF(R89=0, "Keine Teilnahme", IFERROR(XLOOKUP(R89, INDEX(INDIRECT("'"&Q89&"'!A:J"), 0, MATCH(G89, INDIRECT("'"&Q89&"'!A1:J1"), 0)), INDIRECT("'"&Q89&"'!A:A"), "Keine Note", -1), "Keine Note")) -> 3
A90: =IF(ASV_Daten!A85="","",ASV_Daten!A85) -> R6A | B90: =IF(ASV_Daten!B85="","",ASV_Daten!B85) -> Kahlfeld | C90: =IF(ASV_Daten!C85="","",ASV_Daten!C85) -> Matteo | D90: =IF(ASV_Daten!D85="","",ASV_Daten!D85) -> 2013 | E90: =IF(ASV_Daten!E85="","",ASV_Daten!E85) -> M | F90: =MID(A90,2,1) -> 6 | G90: =2026-D90 -> 13 | I90: =IF(H90="", 0, IFERROR(XLOOKUP(H90, INDIRECT("'"&P90&"'!A4:A"), INDIRECT("'"&P90&"'!B4:B"), 0, 1), 0)) -> 0 | J90: 9.3 | K90: =IF(J90="", 0, IFERROR(XLOOKUP(J90, INDIRECT("'"&P90&"'!E4:E"), INDIRECT("'"&P90&"'!F4:F"), 0, 1), 0)) -> 210 | L90: 2.97 | M90: =IF(L90="", 0, IFERROR(XLOOKUP(L90, INDIRECT("'"&P90&"'!I4:I"), INDIRECT("'"&P90&"'!J4:J"), 0, -1), 0)) -> 261 | N90: 14.5 | O90: =IF(N90="", 0, IFERROR(XLOOKUP(N90, INDIRECT("'"&P90&"'!M4:M"), INDIRECT("'"&P90&"'!N4:N"), 0, -1), 0)) -> 91 | P90: =IF(OR(F90="6",F90="5"),IF(E90="W","Punkte W 5-6","Punkte M 5-6"),IF(E90="W","Punkte W 7-9","Punkte M 7-9")) -> Punkte M 5-6 | Q90: =IF(E90="W","Noten-Matrix-Mädchen","Noten-Matrix-Jungen") -> Noten-Matrix-Jungen | R90: =SUM(I90, K90, M90, O90) - MIN(I90, K90, M90, O90) -> 562 | S90: =IF(R90=0, "Keine Teilnahme", IFERROR(IF(R90>=VLOOKUP(G90&LOWER(E90), Formeln!$H$2:$K$30, 4, FALSE), "Ehrenurkunde", IF(R90>=VLOOKUP(G90&LOWER(E90), Formeln!$H$2:$K$30, 3, FALSE), "Siegerurkunde", "Teilnehmerurkunde")), "Keine Urkunde")) -> Teilnehmerurkunde | T90: =IF(R90=0, "Keine Teilnahme", IFERROR(XLOOKUP(R90, INDEX(INDIRECT("'"&Q90&"'!A:J"), 0, MATCH(G90, INDIRECT("'"&Q90&"'!A1:J1"), 0)), INDIRECT("'"&Q90&"'!A:A"), "Keine Note", -1), "Keine Note")) -> NOTE
A91: =IF(ASV_Daten!A100="","",ASV_Daten!A100) -> R6A | B91: =IF(ASV_Daten!B100="","",ASV_Daten!B100) -> Spitz | C91: =IF(ASV_Daten!C100="","",ASV_Daten!C100) -> Matteo | D91: =IF(ASV_Daten!D100="","",ASV_Daten!D100) -> 2013 | E91: =IF(ASV_Daten!E100="","",ASV_Daten!E100) -> M | F91: =MID(A91,2,1) -> 6 | G91: =2026-D91 -> 13 | I91: =IF(H91="", 0, IFERROR(XLOOKUP(H91, INDIRECT("'"&P91&"'!A4:A"), INDIRECT("'"&P91&"'!B4:B"), 0, 1), 0)) -> 0 | K91: =IF(J91="", 0, IFERROR(XLOOKUP(J91, INDIRECT("'"&P91&"'!E4:E"), INDIRECT("'"&P91&"'!F4:F"), 0, 1), 0)) -> 0 | M91: =IF(L91="", 0, IFERROR(XLOOKUP(L91, INDIRECT("'"&P91&"'!I4:I"), INDIRECT("'"&P91&"'!J4:J"), 0, -1), 0)) -> 0 | O91: =IF(N91="", 0, IFERROR(XLOOKUP(N91, INDIRECT("'"&P91&"'!M4:M"), INDIRECT("'"&P91&"'!N4:N"), 0, -1), 0)) -> 0 | P91: =IF(OR(F91="6",F91="5"),IF(E91="W","Punkte W 5-6","Punkte M 5-6"),IF(E91="W","Punkte W 7-9","Punkte M 7-9")) -> Punkte M 5-6 | Q91: =IF(E91="W","Noten-Matrix-Mädchen","Noten-Matrix-Jungen") -> Noten-Matrix-Jungen | R91: =SUM(I91, K91, M91, O91) - MIN(I91, K91, M91, O91) -> 0 | S91: =IF(R91=0, "Keine Teilnahme", IFERROR(IF(R91>=VLOOKUP(G91&LOWER(E91), Formeln!$H$2:$K$30, 4, FALSE), "Ehrenurkunde", IF(R91>=VLOOKUP(G91&LOWER(E91), Formeln!$H$2:$K$30, 3, FALSE), "Siegerurkunde", "Teilnehmerurkunde")), "Keine Urkunde")) -> Keine Teilnahme | T91: =IF(R91=0, "Keine Teilnahme", IFERROR(XLOOKUP(R91, INDEX(INDIRECT("'"&Q91&"'!A:J"), 0, MATCH(G91, INDIRECT("'"&Q91&"'!A1:J1"), 0)), INDIRECT("'"&Q91&"'!A:A"), "Keine Note", -1), "Keine Note")) -> Keine Teilnahme
A92: =IF(ASV_Daten!A80="","",ASV_Daten!A80) -> R6A | B92: =IF(ASV_Daten!B80="","",ASV_Daten!B80) -> Fechtig | C92: =IF(ASV_Daten!C80="","",ASV_Daten!C80) -> Max | D92: =IF(ASV_Daten!D80="","",ASV_Daten!D80) -> 2013 | E92: =IF(ASV_Daten!E80="","",ASV_Daten!E80) -> M | F92: =MID(A92,2,1) -> 6 | G92: =2026-D92 -> 13 | H92: 0.17916667 | I92: =IF(H92="", 0, IFERROR(XLOOKUP(H92, INDIRECT("'"&P92&"'!A4:A"), INDIRECT("'"&P92&"'!B4:B"), 0, 1), 0)) -> 286 | K92: =IF(J92="", 0, IFERROR(XLOOKUP(J92, INDIRECT("'"&P92&"'!E4:E"), INDIRECT("'"&P92&"'!F4:F"), 0, 1), 0)) -> 0 | L92: 4.25 | M92: =IF(L92="", 0, IFERROR(XLOOKUP(L92, INDIRECT("'"&P92&"'!I4:I"), INDIRECT("'"&P92&"'!J4:J"), 0, -1), 0)) -> 416 | N92: 23 | O92: =IF(N92="", 0, IFERROR(XLOOKUP(N92, INDIRECT("'"&P92&"'!M4:M"), INDIRECT("'"&P92&"'!N4:N"), 0, -1), 0)) -> 181 | P92: =IF(OR(F92="6",F92="5"),IF(E92="W","Punkte W 5-6","Punkte M 5-6"),IF(E92="W","Punkte W 7-9","Punkte M 7-9")) -> Punkte M 5-6 | Q92: =IF(E92="W","Noten-Matrix-Mädchen","Noten-Matrix-Jungen") -> Noten-Matrix-Jungen | R92: =SUM(I92, K92, M92, O92) - MIN(I92, K92, M92, O92) -> 883 | S92: =IF(R92=0, "Keine Teilnahme", IFERROR(IF(R92>=VLOOKUP(G92&LOWER(E92), Formeln!$H$2:$K$30, 4, FALSE), "Ehrenurkunde", IF(R92>=VLOOKUP(G92&LOWER(E92), Formeln!$H$2:$K$30, 3, FALSE), "Siegerurkunde", "Teilnehmerurkunde")), "Keine Urkunde")) -> Siegerurkunde | T92: =IF(R92=0, "Keine Teilnahme", IFERROR(XLOOKUP(R92, INDEX(INDIRECT("'"&Q92&"'!A:J"), 0, MATCH(G92, INDIRECT("'"&Q92&"'!A1:J1"), 0)), INDIRECT("'"&Q92&"'!A:A"), "Keine Note", -1), "Keine Note")) -> 2.4
A93: =IF(ASV_Daten!A72="","",ASV_Daten!A72) -> R6A | B93: =IF(ASV_Daten!B72="","",ASV_Daten!B72) -> Böcke | C93: =IF(ASV_Daten!C72="","",ASV_Daten!C72) -> Maximilian | D93: =IF(ASV_Daten!D72="","",ASV_Daten!D72) -> 2014 | E93: =IF(ASV_Daten!E72="","",ASV_Daten!E72) -> M | F93: =MID(A93,2,1) -> 6 | G93: =2026-D93 -> 12 | I93: =IF(H93="", 0, IFERROR(XLOOKUP(H93, INDIRECT("'"&P93&"'!A4:A"), INDIRECT("'"&P93&"'!B4:B"), 0, 1), 0)) -> 0 | J93: 8.4 | K93: =IF(J93="", 0, IFERROR(XLOOKUP(J93, INDIRECT("'"&P93&"'!E4:E"), INDIRECT("'"&P93&"'!F4:F"), 0, 1), 0)) -> 289 | L93: 4.01 | M93: =IF(L93="", 0, IFERROR(XLOOKUP(L93, INDIRECT("'"&P93&"'!I4:I"), INDIRECT("'"&P93&"'!J4:J"), 0, -1), 0)) -> 389 | N93: 31 | O93: =IF(N93="", 0, IFERROR(XLOOKUP(N93, INDIRECT("'"&P93&"'!M4:M"), INDIRECT("'"&P93&"'!N4:N"), 0, -1), 0)) -> 251 | P93: =IF(OR(F93="6",F93="5"),IF(E93="W","Punkte W 5-6","Punkte M 5-6"),IF(E93="W","Punkte W 7-9","Punkte M 7-9")) -> Punkte M 5-6 | Q93: =IF(E93="W","Noten-Matrix-Mädchen","Noten-Matrix-Jungen") -> Noten-Matrix-Jungen | R93: =SUM(I93, K93, M93, O93) - MIN(I93, K93, M93, O93) -> 929 | S93: =IF(R93=0, "Keine Teilnahme", IFERROR(IF(R93>=VLOOKUP(G93&LOWER(E93), Formeln!$H$2:$K$30, 4, FALSE), "Ehrenurkunde", IF(R93>=VLOOKUP(G93&LOWER(E93), Formeln!$H$2:$K$30, 3, FALSE), "Siegerurkunde", "Teilnehmerurkunde")), "Keine Urkunde")) -> Siegerurkunde | T93: =IF(R93=0, "Keine Teilnahme", IFERROR(XLOOKUP(R93, INDEX(INDIRECT("'"&Q93&"'!A:J"), 0, MATCH(G93, INDIRECT("'"&Q93&"'!A1:J1"), 0)), INDIRECT("'"&Q93&"'!A:A"), "Keine Note", -1), "Keine Note")) -> 1.8
A94: =IF(ASV_Daten!A99="","",ASV_Daten!A99) -> R6A | B94: =IF(ASV_Daten!B99="","",ASV_Daten!B99) -> Sigwart | C94: =IF(ASV_Daten!C99="","",ASV_Daten!C99) -> Maximilian | D94: =IF(ASV_Daten!D99="","",ASV_Daten!D99) -> 2014 | E94: =IF(ASV_Daten!E99="","",ASV_Daten!E99) -> M | F94: =MID(A94,2,1) -> 6 | G94: =2026-D94 -> 12 | I94: =IF(H94="", 0, IFERROR(XLOOKUP(H94, INDIRECT("'"&P94&"'!A4:A"), INDIRECT("'"&P94&"'!B4:B"), 0, 1), 0)) -> 0 | J94: 8.4 | K94: =IF(J94="", 0, IFERROR(XLOOKUP(J94, INDIRECT("'"&P94&"'!E4:E"), INDIRECT("'"&P94&"'!F4:F"), 0, 1), 0)) -> 289 | L94: 3.45 | M94: =IF(L94="", 0, IFERROR(XLOOKUP(L94, INDIRECT("'"&P94&"'!I4:I"), INDIRECT("'"&P94&"'!J4:J"), 0, -1), 0)) -> 322 | N94: 27.5 | O94: =IF(N94="", 0, IFERROR(XLOOKUP(N94, INDIRECT("'"&P94&"'!M4:M"), INDIRECT("'"&P94&"'!N4:N"), 0, -1), 0)) -> 222 | P94: =IF(OR(F94="6",F94="5"),IF(E94="W","Punkte W 5-6","Punkte M 5-6"),IF(E94="W","Punkte W 7-9","Punkte M 7-9")) -> Punkte M 5-6 | Q94: =IF(E94="W","Noten-Matrix-Mädchen","Noten-Matrix-Jungen") -> Noten-Matrix-Jungen | R94: =SUM(I94, K94, M94, O94) - MIN(I94, K94, M94, O94) -> 833 | S94: =IF(R94=0, "Keine Teilnahme", IFERROR(IF(R94>=VLOOKUP(G94&LOWER(E94), Formeln!$H$2:$K$30, 4, FALSE), "Ehrenurkunde", IF(R94>=VLOOKUP(G94&LOWER(E94), Formeln!$H$2:$K$30, 3, FALSE), "Siegerurkunde", "Teilnehmerurkunde")), "Keine Urkunde")) -> Siegerurkunde | T94: =IF(R94=0, "Keine Teilnahme", IFERROR(XLOOKUP(R94, INDEX(INDIRECT("'"&Q94&"'!A:J"), 0, MATCH(G94, INDIRECT("'"&Q94&"'!A1:J1"), 0)), INDIRECT("'"&Q94&"'!A:A"), "Keine Note", -1), "Keine Note")) -> 2.3
A95: =IF(ASV_Daten!A73="","",ASV_Daten!A73) -> R6A | B95: =IF(ASV_Daten!B73="","",ASV_Daten!B73) -> Chahine | C95: =IF(ASV_Daten!C73="","",ASV_Daten!C73) -> Mila | D95: =IF(ASV_Daten!D73="","",ASV_Daten!D73) -> 2014 | E95: =IF(ASV_Daten!E73="","",ASV_Daten!E73) -> W | F95: =MID(A95,2,1) -> 6 | G95: =2026-D95 -> 12 | I95: =IF(H95="", 0, IFERROR(XLOOKUP(H95, INDIRECT("'"&P95&"'!A4:A"), INDIRECT("'"&P95&"'!B4:B"), 0, 1), 0)) -> 0 | J95: 7.6 | K95: =IF(J95="", 0, IFERROR(XLOOKUP(J95, INDIRECT("'"&P95&"'!E4:E"), INDIRECT("'"&P95&"'!F4:F"), 0, 1), 0)) -> 413 | L95: 3.97 | M95: =IF(L95="", 0, IFERROR(XLOOKUP(L95, INDIRECT("'"&P95&"'!I4:I"), INDIRECT("'"&P95&"'!J4:J"), 0, -1), 0)) -> 432 | N95: 21 | O95: =IF(N95="", 0, IFERROR(XLOOKUP(N95, INDIRECT("'"&P95&"'!M4:M"), INDIRECT("'"&P95&"'!N4:N"), 0, -1), 0)) -> 292 | P95: =IF(OR(F95="6",F95="5"),IF(E95="W","Punkte W 5-6","Punkte M 5-6"),IF(E95="W","Punkte W 7-9","Punkte M 7-9")) -> Punkte W 5-6 | Q95: =IF(E95="W","Noten-Matrix-Mädchen","Noten-Matrix-Jungen") -> Noten-Matrix-Mädchen | R95: =SUM(I95, K95, M95, O95) - MIN(I95, K95, M95, O95) -> 1137 | S95: =IF(R95=0, "Keine Teilnahme", IFERROR(IF(R95>=VLOOKUP(G95&LOWER(E95), Formeln!$H$2:$K$30, 4, FALSE), "Ehrenurkunde", IF(R95>=VLOOKUP(G95&LOWER(E95), Formeln!$H$2:$K$30, 3, FALSE), "Siegerurkunde", "Teilnehmerurkunde")), "Keine Urkunde")) -> Ehrenurkunde | T95: =IF(R95=0, "Keine Teilnahme", IFERROR(XLOOKUP(R95, INDEX(INDIRECT("'"&Q95&"'!A:J"), 0, MATCH(G95, INDIRECT("'"&Q95&"'!A1:J1"), 0)), INDIRECT("'"&Q95&"'!A:A"), "Keine Note", -1), "Keine Note")) -> 1
A96: =IF(ASV_Daten!A93="","",ASV_Daten!A93) -> R6A | B96: =IF(ASV_Daten!B93="","",ASV_Daten!B93) -> Koop | C96: =IF(ASV_Daten!C93="","",ASV_Daten!C93) -> Nicole | D96: =IF(ASV_Daten!D93="","",ASV_Daten!D93) -> 2014 | E96: =IF(ASV_Daten!E93="","",ASV_Daten!E93) -> W | F96: =MID(A96,2,1) -> 6 | G96: =2026-D96 -> 12 | I96: =IF(H96="", 0, IFERROR(XLOOKUP(H96, INDIRECT("'"&P96&"'!A4:A"), INDIRECT("'"&P96&"'!B4:B"), 0, 1), 0)) -> 0 | J96: 8.8 | K96: =IF(J96="", 0, IFERROR(XLOOKUP(J96, INDIRECT("'"&P96&"'!E4:E"), INDIRECT("'"&P96&"'!F4:F"), 0, 1), 0)) -> 285 | L96: 3.65 | M96: =IF(L96="", 0, IFERROR(XLOOKUP(L96, INDIRECT("'"&P96&"'!I4:I"), INDIRECT("'"&P96&"'!J4:J"), 0, -1), 0)) -> 392 | N96: 17 | O96: =IF(N96="", 0, IFERROR(XLOOKUP(N96, INDIRECT("'"&P96&"'!M4:M"), INDIRECT("'"&P96&"'!N4:N"), 0, -1), 0)) -> 240 | P96: =IF(OR(F96="6",F96="5"),IF(E96="W","Punkte W 5-6","Punkte M 5-6"),IF(E96="W","Punkte W 7-9","Punkte M 7-9")) -> Punkte W 5-6 | Q96: =IF(E96="W","Noten-Matrix-Mädchen","Noten-Matrix-Jungen") -> Noten-Matrix-Mädchen | R96: =SUM(I96, K96, M96, O96) - MIN(I96, K96, M96, O96) -> 917 | S96: =IF(R96=0, "Keine Teilnahme", IFERROR(IF(R96>=VLOOKUP(G96&LOWER(E96), Formeln!$H$2:$K$30, 4, FALSE), "Ehrenurkunde", IF(R96>=VLOOKUP(G96&LOWER(E96), Formeln!$H$2:$K$30, 3, FALSE), "Siegerurkunde", "Teilnehmerurkunde")), "Keine Urkunde")) -> Siegerurkunde | T96: =IF(R96=0, "Keine Teilnahme", IFERROR(XLOOKUP(R96, INDEX(INDIRECT("'"&Q96&"'!A:J"), 0, MATCH(G96, INDIRECT("'"&Q96&"'!A1:J1"), 0)), INDIRECT("'"&Q96&"'!A:A"), "Keine Note", -1), "Keine Note")) -> 1.8
A97: =IF(ASV_Daten!A95="","",ASV_Daten!A95) -> R6A | B97: =IF(ASV_Daten!B95="","",ASV_Daten!B95) -> Mainka | C97: =IF(ASV_Daten!C95="","",ASV_Daten!C95) -> Paulina | D97: =IF(ASV_Daten!D95="","",ASV_Daten!D95) -> 2014 | E97: =IF(ASV_Daten!E95="","",ASV_Daten!E95) -> W | F97: =MID(A97,2,1) -> 6 | G97: =2026-D97 -> 12 | I97: =IF(H97="", 0, IFERROR(XLOOKUP(H97, INDIRECT("'"&P97&"'!A4:A"), INDIRECT("'"&P97&"'!B4:B"), 0, 1), 0)) -> 0 | J97: 8.2 | K97: =IF(J97="", 0, IFERROR(XLOOKUP(J97, INDIRECT("'"&P97&"'!E4:E"), INDIRECT("'"&P97&"'!F4:F"), 0, 1), 0)) -> 344 | L97: 3.73 | M97: =IF(L97="", 0, IFERROR(XLOOKUP(L97, INDIRECT("'"&P97&"'!I4:I"), INDIRECT("'"&P97&"'!J4:J"), 0, -1), 0)) -> 402 | N97: 18.5 | O97: =IF(N97="", 0, IFERROR(XLOOKUP(N97, INDIRECT("'"&P97&"'!M4:M"), INDIRECT("'"&P97&"'!N4:N"), 0, -1), 0)) -> 260 | P97: =IF(OR(F97="6",F97="5"),IF(E97="W","Punkte W 5-6","Punkte M 5-6"),IF(E97="W","Punkte W 7-9","Punkte M 7-9")) -> Punkte W 5-6 | Q97: =IF(E97="W","Noten-Matrix-Mädchen","Noten-Matrix-Jungen") -> Noten-Matrix-Mädchen | R97: =SUM(I97, K97, M97, O97) - MIN(I97, K97, M97, O97) -> 1006 | S97: =IF(R97=0, "Keine Teilnahme", IFERROR(IF(R97>=VLOOKUP(G97&LOWER(E97), Formeln!$H$2:$K$30, 4, FALSE), "Ehrenurkunde", IF(R97>=VLOOKUP(G97&LOWER(E97), Formeln!$H$2:$K$30, 3, FALSE), "Siegerurkunde", "Teilnehmerurkunde")), "Keine Urkunde")) -> Ehrenurkunde | T97: =IF(R97=0, "Keine Teilnahme", IFERROR(XLOOKUP(R97, INDEX(INDIRECT("'"&Q97&"'!A:J"), 0, MATCH(G97, INDIRECT("'"&Q97&"'!A1:J1"), 0)), INDIRECT("'"&Q97&"'!A:A"), "Keine Note", -1), "Keine Note")) -> 1.4
A98: =IF(ASV_Daten!A76="","",ASV_Daten!A76) -> R6A | B98: =IF(ASV_Daten!B76="","",ASV_Daten!B76) -> Dudnyk | C98: =IF(ASV_Daten!C76="","",ASV_Daten!C76) -> Pavlo | D98: =IF(ASV_Daten!D76="","",ASV_Daten!D76) -> 2013 | E98: =IF(ASV_Daten!E76="","",ASV_Daten!E76) -> M | F98: =MID(A98,2,1) -> 6 | G98: =2026-D98 -> 13 | I98: =IF(H98="", 0, IFERROR(XLOOKUP(H98, INDIRECT("'"&P98&"'!A4:A"), INDIRECT("'"&P98&"'!B4:B"), 0, 1), 0)) -> 0 | K98: =IF(J98="", 0, IFERROR(XLOOKUP(J98, INDIRECT("'"&P98&"'!E4:E"), INDIRECT("'"&P98&"'!F4:F"), 0, 1), 0)) -> 0 | M98: =IF(L98="", 0, IFERROR(XLOOKUP(L98, INDIRECT("'"&P98&"'!I4:I"), INDIRECT("'"&P98&"'!J4:J"), 0, -1), 0)) -> 0 | O98: =IF(N98="", 0, IFERROR(XLOOKUP(N98, INDIRECT("'"&P98&"'!M4:M"), INDIRECT("'"&P98&"'!N4:N"), 0, -1), 0)) -> 0 | P98: =IF(OR(F98="6",F98="5"),IF(E98="W","Punkte W 5-6","Punkte M 5-6"),IF(E98="W","Punkte W 7-9","Punkte M 7-9")) -> Punkte M 5-6 | Q98: =IF(E98="W","Noten-Matrix-Mädchen","Noten-Matrix-Jungen") -> Noten-Matrix-Jungen | R98: =SUM(I98, K98, M98, O98) - MIN(I98, K98, M98, O98) -> 0 | S98: =IF(R98=0, "Keine Teilnahme", IFERROR(IF(R98>=VLOOKUP(G98&LOWER(E98), Formeln!$H$2:$K$30, 4, FALSE), "Ehrenurkunde", IF(R98>=VLOOKUP(G98&LOWER(E98), Formeln!$H$2:$K$30, 3, FALSE), "Siegerurkunde", "Teilnehmerurkunde")), "Keine Urkunde")) -> Keine Teilnahme | T98: =IF(R98=0, "Keine Teilnahme", IFERROR(XLOOKUP(R98, INDEX(INDIRECT("'"&Q98&"'!A:J"), 0, MATCH(G98, INDIRECT("'"&Q98&"'!A1:J1"), 0)), INDIRECT("'"&Q98&"'!A:A"), "Keine Note", -1), "Keine Note")) -> Keine Teilnahme
A99: =IF(ASV_Daten!A78="","",ASV_Daten!A78) -> R6A | B99: =IF(ASV_Daten!B78="","",ASV_Daten!B78) -> Eckert | C99: =IF(ASV_Daten!C78="","",ASV_Daten!C78) -> Ramona | D99: =IF(ASV_Daten!D78="","",ASV_Daten!D78) -> 2014 | E99: =IF(ASV_Daten!E78="","",ASV_Daten!E78) -> W | F99: =MID(A99,2,1) -> 6 | G99: =2026-D99 -> 12 | I99: =IF(H99="", 0, IFERROR(XLOOKUP(H99, INDIRECT("'"&P99&"'!A4:A"), INDIRECT("'"&P99&"'!B4:B"), 0, 1), 0)) -> 0 | J99: 8.5 | K99: =IF(J99="", 0, IFERROR(XLOOKUP(J99, INDIRECT("'"&P99&"'!E4:E"), INDIRECT("'"&P99&"'!F4:F"), 0, 1), 0)) -> 314 | L99: 3.01 | M99: =IF(L99="", 0, IFERROR(XLOOKUP(L99, INDIRECT("'"&P99&"'!I4:I"), INDIRECT("'"&P99&"'!J4:J"), 0, -1), 0)) -> 308 | N99: 16 | O99: =IF(N99="", 0, IFERROR(XLOOKUP(N99, INDIRECT("'"&P99&"'!M4:M"), INDIRECT("'"&P99&"'!N4:N"), 0, -1), 0)) -> 226 | P99: =IF(OR(F99="6",F99="5"),IF(E99="W","Punkte W 5-6","Punkte M 5-6"),IF(E99="W","Punkte W 7-9","Punkte M 7-9")) -> Punkte W 5-6 | Q99: =IF(E99="W","Noten-Matrix-Mädchen","Noten-Matrix-Jungen") -> Noten-Matrix-Mädchen | R99: =SUM(I99, K99, M99, O99) - MIN(I99, K99, M99, O99) -> 848 | S99: =IF(R99=0, "Keine Teilnahme", IFERROR(IF(R99>=VLOOKUP(G99&LOWER(E99), Formeln!$H$2:$K$30, 4, FALSE), "Ehrenurkunde", IF(R99>=VLOOKUP(G99&LOWER(E99), Formeln!$H$2:$K$30, 3, FALSE), "Siegerurkunde", "Teilnehmerurkunde")), "Keine Urkunde")) -> Siegerurkunde | T99: =IF(R99=0, "Keine Teilnahme", IFERROR(XLOOKUP(R99, INDEX(INDIRECT("'"&Q99&"'!A:J"), 0, MATCH(G99, INDIRECT("'"&Q99&"'!A1:J1"), 0)), INDIRECT("'"&Q99&"'!A:A"), "Keine Note", -1), "Keine Note")) -> 2.3
A100: =IF(ASV_Daten!A96="","",ASV_Daten!A96) -> R6A | B100: =IF(ASV_Daten!B96="","",ASV_Daten!B96) -> Saggiomo | C100: =IF(ASV_Daten!C96="","",ASV_Daten!C96) -> Sofia | D100: =IF(ASV_Daten!D96="","",ASV_Daten!D96) -> 2014 | E100: =IF(ASV_Daten!E96="","",ASV_Daten!E96) -> W | F100: =MID(A100,2,1) -> 6 | G100: =2026-D100 -> 12 | I100: =IF(H100="", 0, IFERROR(XLOOKUP(H100, INDIRECT("'"&P100&"'!A4:A"), INDIRECT("'"&P100&"'!B4:B"), 0, 1), 0)) -> 0 | K100: =IF(J100="", 0, IFERROR(XLOOKUP(J100, INDIRECT("'"&P100&"'!E4:E"), INDIRECT("'"&P100&"'!F4:F"), 0, 1), 0)) -> 0 | L100: 3.09 | M100: =IF(L100="", 0, IFERROR(XLOOKUP(L100, INDIRECT("'"&P100&"'!I4:I"), INDIRECT("'"&P100&"'!J4:J"), 0, -1), 0)) -> 319 | N100: 21 | O100: =IF(N100="", 0, IFERROR(XLOOKUP(N100, INDIRECT("'"&P100&"'!M4:M"), INDIRECT("'"&P100&"'!N4:N"), 0, -1), 0)) -> 292 | P100: =IF(OR(F100="6",F100="5"),IF(E100="W","Punkte W 5-6","Punkte M 5-6"),IF(E100="W","Punkte W 7-9","Punkte M 7-9")) -> Punkte W 5-6 | Q100: =IF(E100="W","Noten-Matrix-Mädchen","Noten-Matrix-Jungen") -> Noten-Matrix-Mädchen | R100: =SUM(I100, K100, M100, O100) - MIN(I100, K100, M100, O100) -> 611 | S100: =IF(R100=0, "Keine Teilnahme", IFERROR(IF(R100>=VLOOKUP(G100&LOWER(E100), Formeln!$H$2:$K$30, 4, FALSE), "Ehrenurkunde", IF(R100>=VLOOKUP(G100&LOWER(E100), Formeln!$H$2:$K$30, 3, FALSE), "Siegerurkunde", "Teilnehmerurkunde")), "Keine Urkunde")) -> Teilnehmerurkunde | T100: =IF(R100=0, "Keine Teilnahme", IFERROR(XLOOKUP(R100, INDEX(INDIRECT("'"&Q100&"'!A:J"), 0, MATCH(G100, INDIRECT("'"&Q100&"'!A1:J1"), 0)), INDIRECT("'"&Q100&"'!A:A"), "Keine Note", -1), "Keine Note")) -> 4
...

Sheet Punkte M 5-6
A1: Punktematrix Männlich Klasse 5 - 6
A3: Ausdauer m 5-6 | E3: Sprint 50m m 5-6 | I3: Sprung m 5-6 | M3: Wurf m 5-6
A4: Leistung (Zeit in min:sek) | B4: Punkte | E4: Leistung (Zeit in sek) | F4: Punkte | I4: Leistung (m) | J4: Punkte | M4: Leistung (m) | N4: Punkte
A5: 0.27083333 | B5: 67 | E5: 11.8 | F5: 52 | I5: 1.33 | J5: 1 | M5: 8 | N5: 2
A6: 0.26736111 | B6: 73 | E6: 11.7 | F6: 57 | I6: 1.37 | J6: 9 | M6: 8.5 | N6: 10
A7: 0.26388889 | B7: 78 | E7: 11.6 | F7: 62 | I7: 1.41 | J7: 16 | M7: 9 | N7: 18
A8: 0.26041667 | B8: 84 | E8: 11.5 | F8: 67 | I8: 1.45 | J8: 24 | M8: 9.5 | N8: 25
A9: 0.25694444 | B9: 90 | E9: 11.4 | F9: 73 | I9: 1.49 | J9: 32 | M9: 10 | N9: 32
A10: 0.25347222 | B10: 96 | E10: 11.3 | F10: 78 | I10: 1.53 | J10: 39 | M10: 10.5 | N10: 40
A11: 0.25 | B11: 103 | E11: 11.2 | F11: 84 | I11: 1.57 | J11: 46 | M11: 11 | N11: 46
A12: 0.24722222 | B12: 108 | E12: 11.1 | F12: 89 | I12: 1.61 | J12: 54 | M12: 11.5 | N12: 53
A13: 0.24444444 | B13: 113 | E13: 11 | F13: 95 | I13: 1.65 | J13: 61 | M13: 12 | N13: 60
A14: 0.24166667 | B14: 119 | E14: 10.9 | F14: 101 | I14: 1.69 | J14: 68 | M14: 12.5 | N14: 66
A15: 0.23888889 | B15: 124 | E15: 10.8 | F15: 107 | I15: 1.73 | J15: 75 | M15: 13 | N15: 73
A16: 0.23611111 | B16: 130 | E16: 10.7 | F16: 113 | I16: 1.77 | J16: 82 | M16: 13.5 | N16: 79
... A53: 0.16805556 | B53: 329 | E53: 7 | F53: 451 | I53: 3.25 | J53: 297 | M53: 32 | N53: 259
A54: 0.16666667 | B54: 334 | I54: 3.29 | J54: 302 | M54: 32.5 | N54: 263
A55: 0.16527778 | B55: 340 | I55: 3.33 | J55: 308 | M55: 33 | N55: 267
A56: 0.16388889 | B56: 346 | I56: 3.37 | J56: 313 | M56: 33.5 | N56: 271
A57: 0.1625 | B57: 352 | I57: 3.41 | J57: 317 | M57: 34 | N57: 275
A58: 0.16111111 | B58: 358 | I58: 3.45 | J58: 322 | M58: 34.5 | N58: 279
A59: 0.15972222 | B59: 364 | I59: 3.49 | J59: 327 | M59: 35 | N59: 283
A60: 0.15833333 | B60: 371 | I60: 3.53 | J60: 332 | M60: 35.5 | N60: 287
A61: 0.15694444 | B61: 377 | I61: 3.57 | J61: 337 | M61: 36 | N61: 290
A62: 0.15555556 | B62: 384 | I62: 3.61 | J62: 342 | M62: 36.5 | N62: 294
A63: 0.15416667 | B63: 391 | I63: 3.65 | J63: 347 | M63: 37 | N63: 298
A64: 0.15277778 | B64: 397 | I64: 3.69 | J64: 351 | M64: 37.5 | N64: 302
A65: 0.15138889 | B65: 404 | I65: 3.73 | J65: 356 | M65: 38 | N65: 305
... A122: 0.11111111 | B122: 682 | I122: 6.01 | J122: 594 | M122: 66.5 | N122: 486
I123: 6.05 | J123: 597 | M123: 67 | N123: 489
I124: 6.09 | J124: 601 | M124: 67.5 | N124: 492
I125: 6.13 | J125: 605 | M125: 68 | N125: 495
I126: 6.17 | J126: 608 | M126: 68.5 | N126: 497
I127: 6.21 | J127: 612 | M127: 69 | N127: 500
I128: 6.25 | J128: 616 | M128: 69.5 | N128: 503
I129: 6.29 | J129: 619 | M129: 70 | N129: 506
I130: 6.33 | J130: 623 | M130: 70.5 | N130: 508
I131: 6.37 | J131: 627 | M131: 71 | N131: 511
I132: 6.41 | J132: 630 | M132: 71.5 | N132: 514
I133: 6.45 | J133: 634 | M133: 72 | N133: 516
I134: 6.49 | J134: 638 | M134: 72.5 | N134: 519
... I148: 7.05 | J148: 687 | M148: 79.5 | N148: 556
I149: 7.09 | J149: 690
I150: 7.13 | J150: 694
I151: 7.17 | J151: 697
I152: 7.21 | J152: 700
I153: 7.25 | J153: 704
I154: 7.29 | J154: 707
I155: 7.33 | J155: 711
I156: 7.37 | J156: 714
I157: 7.41 | J157: 717
I158: 7.45 | J158: 721
I159: 7.49 | J159: 724
I160: 7.53 | J160: 727
... I173: 8.05 | J173: 770

Sheet Punkte W 5-6
A1: Punktematrix Weiblich Klasse 5 - 6
A3: Ausdauer w 5-6 | E3: Sprint 50m w 5-6 | I3: Sprung w 5-6 | M3: Wurf w 5-6
A4: Leistung (Zeit in min:sek) | B4: Punkte | E4: Leistung (Zeit in sek) | F4: Punkte | I4: Leistung (m) | J4: Punkte | M4: Leistung (m) | N4: Punkte
A5: 0.27083333 | B5: 4 | E5: 13.4 | F5: 2 | I5: 1.21 | J5: 3 | M5: 4.5 | N5: 11
A6: 0.26736111 | B6: 8 | E6: 13.3 | F6: 6 | I6: 1.25 | J6: 11 | M6: 5 | N6: 24
A7: 0.26388889 | B7: 12 | E7: 13.2 | F7: 10 | I7: 1.29 | J7: 20 | M7: 5.5 | N7: 36
A8: 0.26041667 | B8: 17 | E8: 13.1 | F8: 15 | I8: 1.33 | J8: 28 | M8: 6 | N8: 48
A9: 0.25694444 | B9: 21 | E9: 13 | F9: 19 | I9: 1.37 | J9: 37 | M9: 6.5 | N9: 60
A10: 0.25347222 | B10: 26 | E10: 12.9 | F10: 23 | I10: 1.41 | J10: 45 | M10: 7 | N10: 71
A11: 0.25 | B11: 30 | E11: 12.8 | F11: 28 | I11: 1.45 | J11: 53 | M11: 7.5 | N11: 81
A12: 0.24722222 | B12: 34 | E12: 12.7 | F12: 32 | I12: 1.49 | J12: 61 | M12: 8 | N12: 92
A13: 0.24444444 | B13: 38 | E13: 12.6 | F13: 37 | I13: 1.53 | J13: 68 | M13: 8.5 | N13: 102
A14: 0.24166667 | B14: 42 | E14: 12.5 | F14: 41 | I14: 1.57 | J14: 76 | M14: 9 | N14: 111
A15: 0.23888889 | B15: 46 | E15: 12.4 | F15: 46 | I15: 1.61 | J15: 84 | M15: 9.5 | N15: 121
A16: 0.23611111 | B16: 50 | E16: 12.3 | F16: 51 | I16: 1.65 | J16: 91 | M16: 10 | N16: 130
... A76: 0.125 | B76: 374 | E76: 6.3 | F76: 605 | I76: 4.05 | J76: 441 | M76: 40 | N76: 492
A77: 0.12430556 | B77: 378 | I77: 4.09 | J77: 446 | M77: 40.5 | N77: 496
A78: 0.12361111 | B78: 381 | I78: 4.13 | J78: 451 | M78: 41 | N78: 501
A79: 0.12291667 | B79: 385 | I79: 4.17 | J79: 456 | M79: 41.5 | N79: 505
A80: 0.12222222 | B80: 389 | I80: 4.21 | J80: 460 | M80: 42 | N80: 510
A81: 0.12152778 | B81: 393 | I81: 4.25 | J81: 465 | M81: 42.5 | N81: 514
A82: 0.12083333 | B82: 397 | I82: 4.29 | J82: 470 | M82: 43 | N82: 518
A83: 0.12013889 | B83: 402 | I83: 4.33 | J83: 474 | M83: 43.5 | N83: 523
A84: 0.11944444 | B84: 406 | I84: 4.37 | J84: 479 | M84: 44 | N84: 527
A85: 0.11875 | B85: 410 | I85: 4.41 | J85: 483 | M85: 44.5 | N85: 531
A86: 0.11805556 | B86: 414 | I86: 4.45 | J86: 488 | M86: 45 | N86: 536
A87: 0.11736111 | B87: 418 | I87: 4.49 | J87: 493 | M87: 45.5 | N87: 540
A88: 0.11666667 | B88: 423 | I88: 4.53 | J88: 497 | M88: 46 | N88: 544
... A136: 0.083333333 | B136: 717 | I136: 6.45 | J136: 695 | M136: 70 | N136: 725
I137: 6.49 | J137: 699 | M137: 70.5 | N137: 729
I138: 6.53 | J138: 702 | M138: 71 | N138: 732
I139: 6.57 | J139: 706 | M139: 71.5 | N139: 735
I140: 6.61 | J140: 710 | M140: 72 | N140: 739
I141: 6.65 | J141: 714 | M141: 72.5 | N141: 742
I142: 6.69 | J142: 717 | M142: 73 | N142: 746
I143: 6.73 | J143: 721 | M143: 73.5 | N143: 749
I144: 6.77 | J144: 725 | M144: 74 | N144: 752
I145: 6.81 | J145: 728 | M145: 74.5 | N145: 756
M146: 75 | N146: 759
M147: 75.5 | N147: 762
M148: 76 | N148: 765

Sheet Punkte M 7-9
A1: Punktematrix Männlich Klasse 7 - 9
A3: Ausdauer m 7-9 | E3: Sprint 75m m 7-9 | I3: Sprung m 7-9 | M3: Wurf m 7-9
A4: Leistung (Zeit in min:sek) | B4: Punkte | E4: Leistung (Zeit in sek) | F4: Punkte | I4: Leistung (m) | J4: Punkte | M4: Leistung (m) | N4: Punkte
A5: 0.27083333 | B5: 67 | E5: 16.5 | F5: 57 | I5: 1.33 | J5: 1 | M5: 4 | N5: 5
A6: 0.26736111 | B6: 73 | E6: 16.4 | F6: 61 | I6: 1.37 | J6: 9 | M6: 4.5 | N6: 14
A7: 0.26388889 | B7: 78 | E7: 16.3 | F7: 65 | I7: 1.41 | J7: 16 | M7: 5 | N7: 24
A8: 0.26041667 | B8: 84 | E8: 16.2 | F8: 69 | I8: 1.45 | J8: 24 | M8: 5.5 | N8: 33
A9: 0.25694444 | B9: 90 | E9: 16.1 | F9: 73 | I9: 1.49 | J9: 32 | M9: 6 | N9: 41
A10: 0.25347222 | B10: 96 | E10: 16 | F10: 78 | I10: 1.53 | J10: 39 | M10: 6.5 | N10: 49
A11: 0.25 | B11: 103 | E11: 15.9 | F11: 82 | I11: 1.57 | J11: 46 | M11: 7 | N11: 57
A12: 0.24722222 | B12: 108 | E12: 15.8 | F12: 86 | I12: 1.61 | J12: 54 | M12: 7.5 | N12: 64
A13: 0.24444444 | B13: 113 | E13: 15.7 | F13: 91 | I13: 1.65 | J13: 61 | M13: 8 | N13: 71
A14: 0.24166667 | B14: 119 | E14: 15.6 | F14: 95 | I14: 1.69 | J14: 68 | M14: 8.5 | N14: 78
A15: 0.23888889 | B15: 124 | E15: 15.5 | F15: 100 | I15: 1.73 | J15: 75 | M15: 9 | N15: 85
A16: 0.23611111 | B16: 130 | E16: 15.4 | F16: 104 | I16: 1.77 | J16: 82 | M16: 9.5 | N16: 92
... A80: 0.14027778 | B80: 465 | E80: 9 | F80: 575 | I80: 4.33 | J80: 424 | M80: 41.5 | N80: 363
A81: 0.13958333 | B81: 469 | I81: 4.37 | J81: 429 | M81: 42 | N81: 366
A82: 0.13888889 | B82: 473 | I82: 4.41 | J82: 433 | M82: 42.5 | N82: 369
A83: 0.13819444 | B83: 477 | I83: 4.45 | J83: 438 | M83: 43 | N83: 372
A84: 0.1375 | B84: 482 | I84: 4.49 | J84: 442 | M84: 43.5 | N84: 375
A85: 0.13680556 | B85: 486 | I85: 4.53 | J85: 446 | M85: 44 | N85: 378
A86: 0.13611111 | B86: 490 | I86: 4.57 | J86: 450 | M86: 44.5 | N86: 381
A87: 0.13541667 | B87: 495 | I87: 4.61 | J87: 455 | M87: 45 | N87: 384
A88: 0.13472222 | B88: 499 | I88: 4.65 | J88: 459 | M88: 45.5 | N88: 387
A89: 0.13402778 | B89: 503 | I89: 4.69 | J89: 463 | M89: 46 | N89: 390
A90: 0.13333333 | B90: 508 | I90: 4.73 | J90: 467 | M90: 46.5 | N90: 393
A91: 0.13263889 | B91: 512 | I91: 4.77 | J91: 472 | M91: 47 | N91: 396
A92: 0.13194444 | B92: 517 | I92: 4.81 | J92: 476 | M92: 47.5 | N92: 399
... A122: 0.11111111 | B122: 682 | I122: 6.01 | J122: 594 | M122: 62.5 | N122: 481
I123: 6.05 | J123: 597 | M123: 63 | N123: 483
I124: 6.09 | J124: 601 | M124: 63.5 | N124: 486
I125: 6.13 | J125: 605 | M125: 64 | N125: 489
I126: 6.17 | J126: 608 | M126: 64.5 | N126: 491
I127: 6.21 | J127: 612 | M127: 65 | N127: 494
I128: 6.25 | J128: 616 | M128: 65.5 | N128: 496
I129: 6.29 | J129: 619 | M129: 66 | N129: 499
I130: 6.33 | J130: 623 | M130: 66.5 | N130: 501
I131: 6.37 | J131: 627 | M131: 67 | N131: 503
I132: 6.41 | J132: 630 | M132: 67.5 | N132: 506
I133: 6.45 | J133: 634 | M133: 68 | N133: 508
I134: 6.49 | J134: 638 | M134: 68.5 | N134: 511
... I173: 8.05 | J173: 770 | M173: 88 | N173: 600

Sheet Punkte W 7-9
A1: Punktematrix Weiblich Klasse 7 - 10
A3: Ausdauer w 7-9 | E3: Sprint 75m w 7-9 | I3: Sprung w 7-9 | M3: Wurf w 7-9
A4: Leistung (Zeit in min:sek) | B4: Punkte | E4: Leistung (Zeit in sek) | F4: Punkte | I4: Leistung (m) | J4: Punkte | M4: Leistung (m) | N4: Punkte
A5: 0.27083333 | B5: 4 | E5: 18.4 | F5: 3 | I5: 1.21 | J5: 3 | M5: 2.5 | N5: 15
A6: 0.26736111 | B6: 8 | E6: 18.3 | F6: 7 | I6: 1.25 | J6: 11 | M6: 3 | N6: 30
A7: 0.26388889 | B7: 12 | E7: 18.2 | F7: 10 | I7: 1.29 | J7: 20 | M7: 3.5 | N7: 43
A8: 0.26041667 | B8: 17 | E8: 18.1 | F8: 13 | I8: 1.33 | J8: 28 | M8: 4 | N8: 56
A9: 0.25694444 | B9: 21 | E9: 18 | F9: 17 | I9: 1.37 | J9: 37 | M9: 4.5 | N9: 67
A10: 0.25347222 | B10: 26 | E10: 17.9 | F10: 20 | I10: 1.41 | J10: 45 | M10: 5 | N10: 79
A11: 0.25 | B11: 30 | E11: 17.8 | F11: 24 | I11: 1.45 | J11: 53 | M11: 5.5 | N11: 89
A12: 0.24722222 | B12: 34 | E12: 17.7 | F12: 27 | I12: 1.49 | J12: 61 | M12: 6 | N12: 99
A13: 0.24444444 | B13: 38 | E13: 17.6 | F13: 31 | I13: 1.53 | J13: 68 | M13: 6.5 | N13: 109
A14: 0.24166667 | B14: 42 | E14: 17.5 | F14: 34 | I14: 1.57 | J14: 76 | M14: 7 | N14: 118
A15: 0.23888889 | B15: 46 | E15: 17.4 | F15: 38 | I15: 1.61 | J15: 84 | M15: 7.5 | N15: 127
A16: 0.23611111 | B16: 50 | E16: 17.3 | F16: 42 | I16: 1.65 | J16: 91 | M16: 8 | N16: 136
... A101: 0.10763889 | B101: 485 | E101: 8.8 | F101: 651 | I101: 5.05 | J101: 554 | M101: 50.5 | N101: 547
A102: 0.10694444 | B102: 490 | I102: 5.09 | J102: 558 | M102: 51 | N102: 551
A103: 0.10625 | B103: 495 | I103: 5.13 | J103: 563 | M103: 51.5 | N103: 554
A104: 0.10555556 | B104: 500 | I104: 5.17 | J104: 567 | M104: 52 | N104: 557
A105: 0.10486111 | B105: 506 | I105: 5.21 | J105: 571 | M105: 52.5 | N105: 561
A106: 0.10416667 | B106: 511 | I106: 5.25 | J106: 575 | M106: 53 | N106: 564
A107: 0.10347222 | B107: 517 | I107: 5.29 | J107: 580 | M107: 53.5 | N107: 567
A108: 0.10277778 | B108: 522 | I108: 5.33 | J108: 584 | M108: 54 | N108: 571
A109: 0.10208333 | B109: 528 | I109: 5.37 | J109: 588 | M109: 54.5 | N109: 574
A110: 0.10138889 | B110: 534 | I110: 5.41 | J110: 592 | M110: 55 | N110: 577
A111: 0.10069444 | B111: 540 | I111: 5.45 | J111: 596 | M111: 55.5 | N111: 580
A112: 0.1 | B112: 545 | I112: 5.49 | J112: 600 | M112: 56 | N112: 584
A113: 0.099305556 | B113: 551 | I113: 5.53 | J113: 604 | M113: 56.5 | N113: 587
... A136: 0.083333333 | B136: 717 | I136: 6.45 | J136: 695 | M136: 68 | N136: 657
I137: 6.49 | J137: 699 | M137: 68.5 | N137: 660
I138: 6.53 | J138: 702 | M138: 69 | N138: 663
I139: 6.57 | J139: 706 | M139: 69.5 | N139: 666
I140: 6.61 | J140: 710 | M140: 70 | N140: 669
I141: 6.65 | J141: 714 | M141: 70.5 | N141: 671
I142: 6.69 | J142: 717 | M142: 71 | N142: 674
I143: 6.73 | J143: 721 | M143: 71.5 | N143: 677
I144: 6.77 | J144: 725 | M144: 72 | N144: 680
I145: 6.81 | J145: 728 | M145: 72.5 | N145: 683
M146: 73 | N146: 686
M147: 73.5 | N147: 688
M148: 74 | N148: 691

Sheet Noten-Matrix-Jungen
A1: NOTE | B1: 10 | C1: 11 | D1: 12 | E1: 13 | F1: 14 | G1: 15 | H1: 16 | I1: 17 | J1: 18
A2: 1 | B2: 875 | C2: 975 | D2: 1075 | E2: 1150 | F2: 1225 | G2: 1325 | H2: 1425 | I2: 1500 | J2: 1575
A3: 1.1 | B3: 855 | C3: 955 | D3: 1055 | E3: 1130 | F3: 1205 | G3: 1305 | H3: 1405 | I3: 1480 | J3: 1555
A4: 1.2 | B4: 835 | C4: 935 | D4: 1035 | E4: 1110 | F4: 1185 | G4: 1285 | H4: 1385 | I4: 1460 | J4: 1535
A5: 1.3 | B5: 815 | C5: 915 | D5: 1015 | E5: 1090 | F5: 1165 | G5: 1265 | H5: 1365 | I5: 1440 | J5: 1515
A6: 1.4 | B6: 795 | C6: 895 | D6: 995 | E6: 1070 | F6: 1145 | G6: 1245 | H6: 1345 | I6: 1420 | J6: 1495
A7: 1.5 | B7: 775 | C7: 875 | D7: 975 | E7: 1050 | F7: 1125 | G7: 1225 | H7: 1325 | I7: 1400 | J7: 1475
A8: 1.6 | B8: 761 | C8: 855 | D8: 955 | E8: 1030 | F8: 1105 | G8: 1205 | H8: 1305 | I8: 1380 | J8: 1455
A9: 1.7 | B9: 747 | C9: 835 | D9: 935 | E9: 1010 | F9: 1085 | G9: 1185 | H9: 1285 | I9: 1360 | J9: 1435
A10: 1.8 | B10: 733 | C10: 815 | D10: 915 | E10: 990 | F10: 1065 | G10: 1165 | H10: 1265 | I10: 1340 | J10: 1415
A11: 1.9 | B11: 719 | C11: 795 | D11: 895 | E11: 970 | F11: 1045 | G11: 1145 | H11: 1245 | I11: 1320 | J11: 1395
A12: 2 | B12: 705 | C12: 780 | D12: 875 | E12: 950 | F12: 1025 | G12: 1125 | H12: 1225 | I12: 1300 | J12: 1375
A13: 2.1 | B13: 690 | C13: 765 | D13: 858 | E13: 933 | F13: 1008 | G13: 1100 | H13: 1200 | I13: 1275 | J13: 1350
... A35: 4.3 | B35: 400 | C35: 475 | D35: 550 | E35: 625 | F35: 700 | G35: 775 | H35: 850 | I35: 925 | J35: 1000

Sheet Formeln
C1: Formeln | H1: Code | I1: T_Min | J1: S_Min | K1: E_Min
H4: 10w | I4: 0 | J4: 625 | K4: 825
H5: 11w | I5: 0 | J5: 700 | K5: 900
H6: 12w | I6: 0 | J6: 775 | K6: 975
H9: 10m | I9: 0 | J9: 600 | K9: 775
H10: 11m | I10: 0 | J10: 675 | K10: 900
H11: 12m | I11: 0 | J11: 750 | K11: 975
H12: 13w | I12: 0 | J12: 850 | K12: 1025
H13: 14w | I13: 0 | J13: 900 | K13: 1050
C14: Ausdauer | D14: Sprint | E14: Sprung | F14: Wurf | H14: 15w | I14: 0 | J14: 950 | K14: 1075
B15: w | C15: (((800/(g3))-2,0232)/0,00647) | D15: (((50/(12,38+0,24))-3,648)/0,0066) | E15: ((WURZEL(A15)-1,0935)/0,00208) | F15: ((WURZEL(B15)-2,0232)/0,00874) | H15: 16w | I15: 0 | J15: 1000 | K15: 1100
B16: m | C16: (((1000/G5)-2,158)/0,006) | D16: (((50/(12,38+0,24))-3,79)/0,0069) | E16: ((WURZEL(A16)-1,15028)/0,00219) | F16: ((WURZEL(B16)-2,8)/0,011)
H18: 13m | I18: 0 | J18: 825 | K18: 1075
H19: 14m | I19: 0 | J19: 900 | K19: 1175
H20: 15m | I20: 0 | J20: 975 | K20: 1275
H21: 16m | I21: 0 | J21: 1050 | K21: 1375

Sheet Noten-Matrix-Mädchen
A1: NOTE | B1: 10 | C1: 11 | D1: 12 | E1: 13 | F1: 14 | G1: 15 | H1: 16 | I1: 17 | J1: 18
A2: 1 | B2: 925 | C2: 1000 | D2: 1075 | E2: 1125 | F2: 1150 | G2: 1175 | H2: 1200 | I2: 1225 | J2: 1250
A3: 1.1 | B3: 905 | C3: 980 | D3: 1055 | E3: 1105 | F3: 1130 | G3: 1155 | H3: 1180 | I3: 1205 | J3: 1230
A4: 1.2 | B4: 885 | C4: 960 | D4: 1035 | E4: 1085 | F4: 1110 | G4: 1135 | H4: 1160 | I4: 1185 | J4: 1210
A5: 1.3 | B5: 865 | C5: 940 | D5: 1015 | E5: 1065 | F5: 1090 | G5: 1115 | H5: 1140 | I5: 1165 | J5: 1190
A6: 1.4 | B6: 845 | C6: 920 | D6: 995 | E6: 1045 | F6: 1070 | G6: 1095 | H6: 1120 | I6: 1145 | J6: 1170
A7: 1.5 | B7: 825 | C7: 900 | D7: 975 | E7: 1025 | F7: 1050 | G7: 1075 | H7: 1100 | I7: 1125 | J7: 1150
A8: 1.6 | B8: 805 | C8: 880 | D8: 955 | E8: 1005 | F8: 1030 | G8: 1055 | H8: 1080 | I8: 1105 | J8: 1130
A9: 1.7 | B9: 785 | C9: 860 | D9: 935 | E9: 985 | F9: 1010 | G9: 1035 | H9: 1060 | I9: 1085 | J9: 1110
A10: 1.8 | B10: 765 | C10: 840 | D10: 915 | E10: 965 | F10: 990 | G10: 1015 | H10: 1040 | I10: 1065 | J10: 1090
A11: 1.9 | B11: 745 | C11: 820 | D11: 895 | E11: 945 | F11: 970 | G11: 995 | H11: 1020 | I11: 1045 | J11: 1070
A12: 2 | B12: 730 | C12: 805 | D12: 880 | E12: 930 | F12: 955 | G12: 980 | H12: 1005 | I12: 1030 | J12: 1055
A13: 2.1 | B13: 715 | C13: 790 | D13: 865 | E13: 915 | F13: 940 | G13: 965 | H13: 990 | I13: 1015 | J13: 1040
... A35: 4.3 | B35: 425 | C35: 500 | D35: 575 | E35: 625 | F35: 650 | G35: 675 | H35: 700 | I35: 725 | J35: 750

Sheet ASV_Daten
A1: Klasse | B1: Name | C1: Vorname | D1: Geburtsjahr | E1: Geschl
A2: R5A | B2: Birkle | C2: Teresa | D2: 2015 | E2: W
A3: R5A | B3: Böttcher | C3: Lian | D3: 2015 | E3: M
A4: R5A | B4: Eiche | C4: Lene | D4: 2015 | E4: W
A5: R5A | B5: Gajic | C5: Aleksa | D5: 2014 | E5: M
A6: R5A | B6: Hajdaraj | C6: Lorik | D6: 2015 | E6: M
A7: R5A | B7: Herrman | C7: Marlon | D7: 2014 | E7: M
A8: R5A | B8: Kaltenbach | C8: Lucia | D8: 2015 | E8: W
A9: R5A | B9: Kaltschmidt | C9: Nelly | D9: 2014 | E9: W
A10: R5A | B10: Keppel | C10: Amelia | D10: 2014 | E10: W
A11: R5A | B11: Kramer | C11: Mira | D11: 2015 | E11: W
A12: R5A | B12: Le Roux | C12: Joel | D12: 2015 | E12: M
A13: R5A | B13: Lickert | C13: Mia | D13: 2014 | E13: W
... A450: R9D | B450: Zengler | C450: Milan | D450: 2011 | E450: M

Sheet Auswertung
A1: Klasse | B1: Teilnehmer | C1: Ehrenurkunden | D1: Siegerurkunden | E1: Teilnehmerurkunden | F1: Durchschnittspunkte | G1: Visualisierung
A2: =IFERROR(__xludf.DUMMYFUNCTION("SORT(UNIQUE(FILTER(Eingabe!A2:A474, Eingabe!A2:A474<>"""")))"),"R5A") -> R5A | B2: =IF(A2="", "", COUNTIF(Eingabe!A$2:A$474, A2)) -> 25 | C2: =IF(A2="", "", COUNTIFS(Eingabe!A$2:A$474, A2, Eingabe!S$2:S$474, "Ehrenurkunde")) -> 4 | D2: =IF(A2="", "", COUNTIFS(Eingabe!A$2:A$474, A2, Eingabe!S$2:S$474, "Siegerurkunde")) -> 8 | E2: =IF(A2="", "", COUNTIFS(Eingabe!A$2:A$474, A2, Eingabe!S$2:S$474, "Teilnehmerurkunde")) -> 12 | F2: =IF(A2="", "", AVERAGEIF(Eingabe!A$2:A$474, A2, Eingabe!R$2:R$474)) -> 699.4 | G2: =IFERROR(__xludf.DUMMYFUNCTION("SPARKLINE({F2 , MAX($F$2:$F$19)-F2}, {""charttype"" , ""bar"" ; ""color1"" , ""orange"" ; ""color2"" , ""white""})"),"") | H2: =MAX($F$2:$F$19) -> 837.40741
A3: =IFERROR(__xludf.DUMMYFUNCTION("""COMPUTED_VALUE"""),"R5B") -> R5B | B3: =IF(A3="", "", COUNTIF(Eingabe!A$2:A$474, A3)) -> 17 | C3: =IF(A3="", "", COUNTIFS(Eingabe!A$2:A$474, A3, Eingabe!S$2:S$474, "Ehrenurkunde")) -> 5 | D3: =IF(A3="", "", COUNTIFS(Eingabe!A$2:A$474, A3, Eingabe!S$2:S$474, "Siegerurkunde")) -> 5 | E3: =IF(A3="", "", COUNTIFS(Eingabe!A$2:A$474, A3, Eingabe!S$2:S$474, "Teilnehmerurkunde")) -> 6 | F3: =IF(A3="", "", AVERAGEIF(Eingabe!A$2:A$474, A3, Eingabe!R$2:R$474)) -> 724.76471 | G3: =IFERROR(__xludf.DUMMYFUNCTION("SPARKLINE({F3 , MAX($F$2:$F$19)-F3}, {""charttype"" , ""bar"" ; ""color1"" , ""orange"" ; ""color2"" , ""white""})"),"")
A4: =IFERROR(__xludf.DUMMYFUNCTION("""COMPUTED_VALUE"""),"R5C") -> R5C | B4: =IF(A4="", "", COUNTIF(Eingabe!A$2:A$474, A4)) -> 26 | C4: =IF(A4="", "", COUNTIFS(Eingabe!A$2:A$474, A4, Eingabe!S$2:S$474, "Ehrenurkunde")) -> 1 | D4: =IF(A4="", "", COUNTIFS(Eingabe!A$2:A$474, A4, Eingabe!S$2:S$474, "Siegerurkunde")) -> 13 | E4: =IF(A4="", "", COUNTIFS(Eingabe!A$2:A$474, A4, Eingabe!S$2:S$474, "Teilnehmerurkunde")) -> 10 | F4: =IF(A4="", "", AVERAGEIF(Eingabe!A$2:A$474, A4, Eingabe!R$2:R$474)) -> 625.57692 | G4: =IFERROR(__xludf.DUMMYFUNCTION("SPARKLINE({F4 , MAX($F$2:$F$19)-F4}, {""charttype"" , ""bar"" ; ""color1"" , ""orange"" ; ""color2"" , ""white""})"),"")
A5: =IFERROR(__xludf.DUMMYFUNCTION("""COMPUTED_VALUE"""),"R6A") -> R6A | B5: =IF(A5="", "", COUNTIF(Eingabe!A$2:A$474, A5)) -> 33 | C5: =IF(A5="", "", COUNTIFS(Eingabe!A$2:A$474, A5, Eingabe!S$2:S$474, "Ehrenurkunde")) -> 5 | D5: =IF(A5="", "", COUNTIFS(Eingabe!A$2:A$474, A5, Eingabe!S$2:S$474, "Siegerurkunde")) -> 10 | E5: =IF(A5="", "", COUNTIFS(Eingabe!A$2:A$474, A5, Eingabe!S$2:S$474, "Teilnehmerurkunde")) -> 9 | F5: =IF(A5="", "", AVERAGEIF(Eingabe!A$2:A$474, A5, Eingabe!R$2:R$474)) -> 606.15152 | G5: =IFERROR(__xludf.DUMMYFUNCTION("SPARKLINE({F5 , MAX($F$2:$F$19)-F5}, {""charttype"" , ""bar"" ; ""color1"" , ""orange"" ; ""color2"" , ""white""})"),"")
A6: =IFERROR(__xludf.DUMMYFUNCTION("""COMPUTED_VALUE"""),"R6B") -> R6B | B6: =IF(A6="", "", COUNTIF(Eingabe!A$2:A$474, A6)) -> 31 | C6: =IF(A6="", "", COUNTIFS(Eingabe!A$2:A$474, A6, Eingabe!S$2:S$474, "Ehrenurkunde")) -> 0 | D6: =IF(A6="", "", COUNTIFS(Eingabe!A$2:A$474, A6, Eingabe!S$2:S$474, "Siegerurkunde")) -> 12 | E6: =IF(A6="", "", COUNTIFS(Eingabe!A$2:A$474, A6, Eingabe!S$2:S$474, "Teilnehmerurkunde")) -> 16 | F6: =IF(A6="", "", AVERAGEIF(Eingabe!A$2:A$474, A6, Eingabe!R$2:R$474)) -> 647.35484 | G6: =IFERROR(__xludf.DUMMYFUNCTION("SPARKLINE({F6 , MAX($F$2:$F$19)-F6}, {""charttype"" , ""bar"" ; ""color1"" , ""orange"" ; ""color2"" , ""white""})"),"")
A7: =IFERROR(__xludf.DUMMYFUNCTION("""COMPUTED_VALUE"""),"R6C") -> R6C | B7: =IF(A7="", "", COUNTIF(Eingabe!A$2:A$474, A7)) -> 30 | C7: =IF(A7="", "", COUNTIFS(Eingabe!A$2:A$474, A7, Eingabe!S$2:S$474, "Ehrenurkunde")) -> 2 | D7: =IF(A7="", "", COUNTIFS(Eingabe!A$2:A$474, A7, Eingabe!S$2:S$474, "Siegerurkunde")) -> 12 | E7: =IF(A7="", "", COUNTIFS(Eingabe!A$2:A$474, A7, Eingabe!S$2:S$474, "Teilnehmerurkunde")) -> 13 | F7: =IF(A7="", "", AVERAGEIF(Eingabe!A$2:A$474, A7, Eingabe!R$2:R$474)) -> 715.53333 | G7: =IFERROR(__xludf.DUMMYFUNCTION("SPARKLINE({F7 , MAX($F$2:$F$19)-F7}, {""charttype"" , ""bar"" ; ""color1"" , ""orange"" ; ""color2"" , ""white""})"),"")
A8: =IFERROR(__xludf.DUMMYFUNCTION("""COMPUTED_VALUE"""),"R7A") -> R7A | B8: =IF(A8="", "", COUNTIF(Eingabe!A$2:A$474, A8)) -> 22 | C8: =IF(A8="", "", COUNTIFS(Eingabe!A$2:A$474, A8, Eingabe!S$2:S$474, "Ehrenurkunde")) -> 1 | D8: =IF(A8="", "", COUNTIFS(Eingabe!A$2:A$474, A8, Eingabe!S$2:S$474, "Siegerurkunde")) -> 6 | E8: =IF(A8="", "", COUNTIFS(Eingabe!A$2:A$474, A8, Eingabe!S$2:S$474, "Teilnehmerurkunde")) -> 12 | F8: =IF(A8="", "", AVERAGEIF(Eingabe!A$2:A$474, A8, Eingabe!R$2:R$474)) -> 681.18182 | G8: =IFERROR(__xludf.DUMMYFUNCTION("SPARKLINE({F8 , MAX($F$2:$F$19)-F8}, {""charttype"" , ""bar"" ; ""color1"" , ""orange"" ; ""color2"" , ""white""})"),"")
A9: =IFERROR(__xludf.DUMMYFUNCTION("""COMPUTED_VALUE"""),"R7B") -> R7B | B9: =IF(A9="", "", COUNTIF(Eingabe!A$2:A$474, A9)) -> 27 | C9: =IF(A9="", "", COUNTIFS(Eingabe!A$2:A$474, A9, Eingabe!S$2:S$474, "Ehrenurkunde")) -> 3 | D9: =IF(A9="", "", COUNTIFS(Eingabe!A$2:A$474, A9, Eingabe!S$2:S$474, "Siegerurkunde")) -> 11 | E9: =IF(A9="", "", COUNTIFS(Eingabe!A$2:A$474, A9, Eingabe!S$2:S$474, "Teilnehmerurkunde")) -> 12 | F9: =IF(A9="", "", AVERAGEIF(Eingabe!A$2:A$474, A9, Eingabe!R$2:R$474)) -> 837.40741 | G9: =IFERROR(__xludf.DUMMYFUNCTION("SPARKLINE({F9 , MAX($F$2:$F$19)-F9}, {""charttype"" , ""bar"" ; ""color1"" , ""orange"" ; ""color2"" , ""white""})"),"")
A10: =IFERROR(__xludf.DUMMYFUNCTION("""COMPUTED_VALUE"""),"R7C") -> R7C | B10: =IF(A10="", "", COUNTIF(Eingabe!A$2:A$474, A10)) -> 21 | C10: =IF(A10="", "", COUNTIFS(Eingabe!A$2:A$474, A10, Eingabe!S$2:S$474, "Ehrenurkunde")) -> 1 | D10: =IF(A10="", "", COUNTIFS(Eingabe!A$2:A$474, A10, Eingabe!S$2:S$474, "Siegerurkunde")) -> 9 | E10: =IF(A10="", "", COUNTIFS(Eingabe!A$2:A$474, A10, Eingabe!S$2:S$474, "Teilnehmerurkunde")) -> 9 | F10: =IF(A10="", "", AVERAGEIF(Eingabe!A$2:A$474, A10, Eingabe!R$2:R$474)) -> 768.14286 | G10: =IFERROR(__xludf.DUMMYFUNCTION("SPARKLINE({F10 , MAX($F$2:$F$19)-F10}, {""charttype"" , ""bar"" ; ""color1"" , ""orange"" ; ""color2"" , ""white""})"),"")
A11: =IFERROR(__xludf.DUMMYFUNCTION("""COMPUTED_VALUE"""),"R7D") -> R7D | B11: =IF(A11="", "", COUNTIF(Eingabe!A$2:A$474, A11)) -> 21 | C11: =IF(A11="", "", COUNTIFS(Eingabe!A$2:A$474, A11, Eingabe!S$2:S$474, "Ehrenurkunde")) -> 1 | D11: =IF(A11="", "", COUNTIFS(Eingabe!A$2:A$474, A11, Eingabe!S$2:S$474, "Siegerurkunde")) -> 7 | E11: =IF(A11="", "", COUNTIFS(Eingabe!A$2:A$474, A11, Eingabe!S$2:S$474, "Teilnehmerurkunde")) -> 7 | F11: =IF(A11="", "", AVERAGEIF(Eingabe!A$2:A$474, A11, Eingabe!R$2:R$474)) -> 572.85714 | G11: =IFERROR(__xludf.DUMMYFUNCTION("SPARKLINE({F11 , MAX($F$2:$F$19)-F11}, {""charttype"" , ""bar"" ; ""color1"" , ""orange"" ; ""color2"" , ""white""})"),"")
A12: =IFERROR(__xludf.DUMMYFUNCTION("""COMPUTED_VALUE"""),"R8A") -> R8A | B12: =IF(A12="", "", COUNTIF(Eingabe!A$2:A$474, A12)) -> 26 | C12: =IF(A12="", "", COUNTIFS(Eingabe!A$2:A$474, A12, Eingabe!S$2:S$474, "Ehrenurkunde")) -> 1 | D12: =IF(A12="", "", COUNTIFS(Eingabe!A$2:A$474, A12, Eingabe!S$2:S$474, "Siegerurkunde")) -> 11 | E12: =IF(A12="", "", COUNTIFS(Eingabe!A$2:A$474, A12, Eingabe!S$2:S$474, "Teilnehmerurkunde")) -> 6 | F12: =IF(A12="", "", AVERAGEIF(Eingabe!A$2:A$474, A12, Eingabe!R$2:R$474)) -> 641.03846 | G12: =IFERROR(__xludf.DUMMYFUNCTION("SPARKLINE({F12 , MAX($F$2:$F$19)-F12}, {""charttype"" , ""bar"" ; ""color1"" , ""orange"" ; ""color2"" , ""white""})"),"")
A13: =IFERROR(__xludf.DUMMYFUNCTION("""COMPUTED_VALUE"""),"R8B") -> R8B | B13: =IF(A13="", "", COUNTIF(Eingabe!A$2:A$474, A13)) -> 24 | C13: =IF(A13="", "", COUNTIFS(Eingabe!A$2:A$474, A13, Eingabe!S$2:S$474, "Ehrenurkunde")) -> 3 | D13: =IF(A13="", "", COUNTIFS(Eingabe!A$2:A$474, A13, Eingabe!S$2:S$474, "Siegerurkunde")) -> 5 | E13: =IF(A13="", "", COUNTIFS(Eingabe!A$2:A$474, A13, Eingabe!S$2:S$474, "Teilnehmerurkunde")) -> 10 | F13: =IF(A13="", "", AVERAGEIF(Eingabe!A$2:A$474, A13, Eingabe!R$2:R$474)) -> 676.04167 | G13: =IFERROR(__xludf.DUMMYFUNCTION("SPARKLINE({F13 , MAX($F$2:$F$19)-F13}, {""charttype"" , ""bar"" ; ""color1"" , ""orange"" ; ""color2"" , ""white""})"),"")
A14: =IFERROR(__xludf.DUMMYFUNCTION("""COMPUTED_VALUE"""),"R8C") -> R8C | B14: =IF(A14="", "", COUNTIF(Eingabe!A$2:A$474, A14)) -> 22 | C14: =IF(A14="", "", COUNTIFS(Eingabe!A$2:A$474, A14, Eingabe!S$2:S$474, "Ehrenurkunde")) -> 0 | D14: =IF(A14="", "", COUNTIFS(Eingabe!A$2:A$474, A14, Eingabe!S$2:S$474, "Siegerurkunde")) -> 9 | E14: =IF(A14="", "", COUNTIFS(Eingabe!A$2:A$474, A14, Eingabe!S$2:S$474, "Teilnehmerurkunde")) -> 8 | F14: =IF(A14="", "", AVERAGEIF(Eingabe!A$2:A$474, A14, Eingabe!R$2:R$474)) -> 687 | G14: =IFERROR(__xludf.DUMMYFUNCTION("SPARKLINE({F14 , MAX($F$2:$F$19)-F14}, {""charttype"" , ""bar"" ; ""color1"" , ""orange"" ; ""color2"" , ""white""})"),"")
A15: =IFERROR(__xludf.DUMMYFUNCTION("""COMPUTED_VALUE"""),"R8D") -> R8D | B15: =IF(A15="", "", COUNTIF(Eingabe!A$2:A$474, A15)) -> 28 | C15: =IF(A15="", "", COUNTIFS(Eingabe!A$2:A$474, A15, Eingabe!S$2:S$474, "Ehrenurkunde")) -> 2 | D15: =IF(A15="", "", COUNTIFS(Eingabe!A$2:A$474, A15, Eingabe!S$2:S$474, "Siegerurkunde")) -> 4 | E15: =IF(A15="", "", COUNTIFS(Eingabe!A$2:A$474, A15, Eingabe!S$2:S$474, "Teilnehmerurkunde")) -> 9 | F15: =IF(A15="", "", AVERAGEIF(Eingabe!A$2:A$474, A15, Eingabe!R$2:R$474)) -> 440.17857 | G15: =IFERROR(__xludf.DUMMYFUNCTION("SPARKLINE({F15 , MAX($F$2:$F$19)-F15}, {""charttype"" , ""bar"" ; ""color1"" , ""orange"" ; ""color2"" , ""white""})"),"")
A16: =IFERROR(__xludf.DUMMYFUNCTION("""COMPUTED_VALUE"""),"R9A") -> R9A | B16: =IF(A16="", "", COUNTIF(Eingabe!A$2:A$474, A16)) -> 26 | C16: =IF(A16="", "", COUNTIFS(Eingabe!A$2:A$474, A16, Eingabe!S$2:S$474, "Ehrenurkunde")) -> 7 | D16: =IF(A16="", "", COUNTIFS(Eingabe!A$2:A$474, A16, Eingabe!S$2:S$474, "Siegerurkunde")) -> 8 | E16: =IF(A16="", "", COUNTIFS(Eingabe!A$2:A$474, A16, Eingabe!S$2:S$474, "Teilnehmerurkunde")) -> 2 | F16: =IF(A16="", "", AVERAGEIF(Eingabe!A$2:A$474, A16, Eingabe!R$2:R$474)) -> 727.65385 | G16: =IFERROR(__xludf.DUMMYFUNCTION("SPARKLINE({F16 , MAX($F$2:$F$19)-F16}, {""charttype"" , ""bar"" ; ""color1"" , ""orange"" ; ""color2"" , ""white""})"),"")
A17: =IFERROR(__xludf.DUMMYFUNCTION("""COMPUTED_VALUE"""),"R9B") -> R9B | B17: =IF(A17="", "", COUNTIF(Eingabe!A$2:A$474, A17)) -> 23 | C17: =IF(A17="", "", COUNTIFS(Eingabe!A$2:A$474, A17, Eingabe!S$2:S$474, "Ehrenurkunde")) -> 2 | D17: =IF(A17="", "", COUNTIFS(Eingabe!A$2:A$474, A17, Eingabe!S$2:S$474, "Siegerurkunde")) -> 4 | E17: =IF(A17="", "", COUNTIFS(Eingabe!A$2:A$474, A17, Eingabe!S$2:S$474, "Teilnehmerurkunde")) -> 12 | F17: =IF(A17="", "", AVERAGEIF(Eingabe!A$2:A$474, A17, Eingabe!R$2:R$474)) -> 715.26087 | G17: =IFERROR(__xludf.DUMMYFUNCTION("SPARKLINE({F17 , MAX($F$2:$F$19)-F17}, {""charttype"" , ""bar"" ; ""color1"" , ""orange"" ; ""color2"" , ""white""})"),"")
A18: =IFERROR(__xludf.DUMMYFUNCTION("""COMPUTED_VALUE"""),"R9C") -> R9C | B18: =IF(A18="", "", COUNTIF(Eingabe!A$2:A$474, A18)) -> 24 | C18: =IF(A18="", "", COUNTIFS(Eingabe!A$2:A$474, A18, Eingabe!S$2:S$474, "Ehrenurkunde")) -> 1 | D18: =IF(A18="", "", COUNTIFS(Eingabe!A$2:A$474, A18, Eingabe!S$2:S$474, "Siegerurkunde")) -> 0 | E18: =IF(A18="", "", COUNTIFS(Eingabe!A$2:A$474, A18, Eingabe!S$2:S$474, "Teilnehmerurkunde")) -> 6 | F18: =IF(A18="", "", AVERAGEIF(Eingabe!A$2:A$474, A18, Eingabe!R$2:R$474)) -> 221.58333 | G18: =IFERROR(__xludf.DUMMYFUNCTION("SPARKLINE({F18 , MAX($F$2:$F$19)-F18}, {""charttype"" , ""bar"" ; ""color1"" , ""orange"" ; ""color2"" , ""white""})"),"")
A19: =IFERROR(__xludf.DUMMYFUNCTION("""COMPUTED_VALUE"""),"R9D") -> R9D | B19: =IF(A19="", "", COUNTIF(Eingabe!A$2:A$474, A19)) -> 24 | C19: =IF(A19="", "", COUNTIFS(Eingabe!A$2:A$474, A19, Eingabe!S$2:S$474, "Ehrenurkunde")) -> 0 | D19: =IF(A19="", "", COUNTIFS(Eingabe!A$2:A$474, A19, Eingabe!S$2:S$474, "Siegerurkunde")) -> 0 | E19: =IF(A19="", "", COUNTIFS(Eingabe!A$2:A$474, A19, Eingabe!S$2:S$474, "Teilnehmerurkunde")) -> 19 | F19: =IF(A19="", "", AVERAGEIF(Eingabe!A$2:A$474, A19, Eingabe!R$2:R$474)) -> 516.125 | G19: =IFERROR(__xludf.DUMMYFUNCTION("SPARKLINE({F19 , MAX($F$2:$F$19)-F19}, {""charttype"" , ""bar"" ; ""color1"" , ""orange"" ; ""color2"" , ""white""})"),"")
B20: =IF(A20="", "", COUNTIF(Eingabe!A$2:A$474, A20)) | C20: =IF(A20="", "", COUNTIFS(Eingabe!A$2:A$474, A20, Eingabe!S$2:S$474, "Ehrenurkunde")) | D20: =IF(A20="", "", COUNTIFS(Eingabe!A$2:A$474, A20, Eingabe!S$2:S$474, "Siegerurkunde")) | E20: =IF(A20="", "", COUNTIFS(Eingabe!A$2:A$474, A20, Eingabe!S$2:S$474, "Teilnehmerurkunde")) | F20: =IF(A20="", "", AVERAGEIF(Eingabe!A$2:A$474, A20, Eingabe!R$2:R$474))
J21: Urkundenart | K21: Anzahl
A22: Gesamt | B22: =SUM(B2:B19) -> 450 | C22: =SUM(C2:C19) -> 39 | D22: =SUM(D2:D19) -> 134 | E22: =SUM(E2:E19) -> 178 | H22: =SUM(C22:E22) -> 351 | J22: Ehrenurkunden | K22: =C22 -> 39
J23: Siegerurkunden | K23: =D22 -> 134
A24: Teilnahme in % | B24: =H22/B22 -> 0.78 | J24: Teilnehmerurkunden | K24: =E22 -> 178
J25: Ohne Urkunde | K25: =B22-SUM(K22:K24) -> 99
